"exp_mass","abundance","RT","formula","class","group","C","H","O","N","S","P","E","S34","N15","D","Cl","Fl","Cl37","Br","Br81","I","M","NH4","POE","NOE","Z","neutral_mass","theor_mass","err_ppm","AE_ppm","NM","KM","KMD","DBE","O_C","H_C","DBEO","max_LA","actual_LA","rule_13","max_H","H_test","C13_mass","C13_abund","C13_RT","C13_mass2","C13_abund2","C13_RT2","S34_mass","S34_abund","S34_RT","tag","SNR","n_abundance"
289.142806689407,4791.43831067442,4.31208333333333,"C17H20O4","O4","CHO",17,20,4,0,0,0,0,0,0,0,0,0,0,0,0,0,0,0,0,0,1,288.135530237247,289.14343557936,-2.18261854993438,2.18,289,288.819947248376,0.18005275162443,8,0.235294117647059,1.17647058823529,4,22.1643199328615,21,0.9,36,0.6,0,0,0,0,0,0,0,0,0,"Ambiguous",6.35433906243466,0.000446203896337737
289.142806689407,4791.43831067442,4.31208333333333,"C11H21N4O3P","N4O3P","CHNOP",11,21,3,4,0,1,0,0,0,0,0,0,0,0,0,0,0,0,0,0,1,288.135530237247,289.14240350856,1.3992750095736,1.4,289,288.819947248376,0.18005275162443,4,0.272727272727273,1.90909090909091,1,22.1642405428,19,0.9,24,0.9,0,0,0,0,0,0,0,0,0,"Ambiguous",6.35433906243466,0.000446203896337737
295.077491418779,13953.5913511785,4.35618333333333,"C11H21O3P3","O3P3","CHOP",11,21,3,0,0,3,0,0,0,0,0,0,0,0,0,0,0,0,0,0,1,294.070214966619,295.07763045896,-0.472812864196991,0.47,295,294.748005255761,0.251994744238687,3,0.272727272727273,1.90909090909091,0,22.6207964620615,17,0.8,24,0.9,0,0,0,0,0,0,0,0,0,"Ambiguous",18.505059407008,0.00129943169985716
295.077491418779,13953.5913511785,4.35618333333333,"C9H14N2O9","N2O9","CHNO",9,14,9,2,0,0,0,0,0,0,0,0,0,0,0,0,0,0,0,0,1,294.070214966619,295.07720651426,0.968831608733198,0.97,295,294.748005255761,0.251994744238687,4,1,1.55555555555556,-5,22.6207638509308,20,0.9,20,0.7,0,0,0,0,0,0,0,0,0,"Ambiguous",18.505059407008,0.00129943169985716
298.165653625732,26433.4057669275,3.92151666666667,"C16H19N5O","N5O","CHNO",16,19,1,5,0,0,0,0,0,0,0,0,0,0,0,0,0,0,0,0,1,297.158377173572,298.16623671756,-1.9622257798525,1.96,298,297.832719193205,0.167280806795134,10,0.0625,1.1875,9,22.8583815588769,22,1,34,0.6,0,0,0,0,0,0,0,0,0,"Ambiguous",35.0556162736719,0.00246161755237527
298.165653625732,26433.4057669275,3.92151666666667,"C15H23NO5","NO5","CHNO",15,23,5,1,0,0,0,0,0,0,0,0,0,0,0,0,0,0,0,0,1,297.158377173572,298.16489930476,2.53844760743782,2.54,298,297.832719193205,0.167280806795134,5,0.333333333333333,1.53333333333333,0,22.8582786809692,21,0.9,32,0.7,0,0,0,0,0,0,0,0,0,"Ambiguous",35.0556162736719,0.00246161755237527
301.071084001076,214580.178160273,6.70581666666667,"C16H12O6","O6","CHO",16,12,6,0,0,0,0,0,0,0,0,0,0,0,0,0,0,0,0,0,1,300.063807548916,301.07066456876,1.39781041693407,1.4,301,300.734905339036,0.265094660963825,11,0.375,0.75,5,23.0817990858923,22,1,34,0.4,0,0,0,0,0,0,0,0,0,"Ambiguous",284.573257485202,0.0199828329958156
301.071084001076,214580.178160273,6.70581666666667,"C8H18N2O6P2","N2O6P2","CHNOP",8,18,6,2,0,2,0,0,0,0,0,0,0,0,0,0,0,0,0,0,1,300.063807548916,301.07128575496,-0.67236993935605,0.67,301,300.734905339036,0.265094660963825,2,0.75,2.25,-4,23.0818468694462,18,0.8,18,1,0,0,0,0,0,0,0,0,0,"Ambiguous",284.573257485202,0.0199828329958156
303.050502319123,17602.2101685201,6.35933333333333,"C15H10O7","O7","CHO",15,10,7,0,0,0,0,0,0,0,0,0,0,0,0,0,0,0,0,0,1,302.043225866963,303.04992912726,1.89771467628348,1.9,303,302.712113420906,0.287886579094391,11,0.466666666666667,0.666666666666667,4,23.2340502057769,22,0.9,32,0.3,0,0,0,0,0,0,0,0,0,"Ambiguous",23.3438071006425,0.00163921024379084
303.050502319123,17602.2101685201,6.35933333333333,"C7H16N2O7P2","N2O7P2","CHNOP",7,16,7,2,0,2,0,0,0,0,0,0,0,0,0,0,0,0,0,0,1,302.043225866963,303.05055031346,-0.158898903572104,0.16,303,302.712113420906,0.287886579094391,2,1,2.28571428571429,-5,23.2340979893308,18,0.8,16,1,0,0,0,0,0,0,0,0,0,"Ambiguous",23.3438071006425,0.00163921024379084
303.050502319123,17602.2101685201,6.35933333333333,"C16H6N4O3","N4O3","CHNO",16,6,3,4,0,0,0,0,0,0,0,0,0,0,0,0,0,0,0,0,1,302.043225866963,303.05126654006,-2.53017075691405,2.53,303,302.712113420906,0.287886579094391,16,0.1875,0.375,13,23.2341530836846,23,1,34,0.2,0,0,0,0,0,0,0,0,0,"Ambiguous",23.3438071006425,0.00163921024379084
303.050506899969,16903.2393767806,5.9952,"C7H16N2O7P2","N2O7P2","CHNOP",7,16,7,2,0,2,0,0,0,0,0,0,0,0,0,0,0,0,0,0,1,302.043230447809,303.05055031346,-0.143732705112328,0.14,303,302.712117996637,0.28788200336254,2,1,2.28571428571429,-5,23.2340979893308,18,0.8,16,1,0,0,0,0,0,0,0,0,0,"Ambiguous",22.4168417266844,0.0015741184132218
303.050506899969,16903.2393767806,5.9952,"C16H6N4O3","N4O3","CHNO",16,6,3,4,0,0,0,0,0,0,0,0,0,0,0,0,0,0,0,0,1,302.043230447809,303.05126654006,-2.5150045224911,2.52,303,302.712117996637,0.28788200336254,16,0.1875,0.375,13,23.2341530836846,23,1,34,0.2,0,0,0,0,0,0,0,0,0,"Ambiguous",22.4168417266844,0.0015741184132218
303.050506899969,16903.2393767806,5.9952,"C15H10O7","O7","CHO",15,10,7,0,0,0,0,0,0,0,0,0,0,0,0,0,0,0,0,0,1,302.043230447809,303.04992912726,1.91288084355226,1.91,303,302.712117996637,0.28788200336254,11,0.466666666666667,0.666666666666667,4,23.2340502057769,22,0.9,32,0.3,0,0,0,0,0,0,0,0,0,"Ambiguous",22.4168417266844,0.0015741184132218
303.050564349812,757820.941920135,5.13733333333333,"C16H6N4O3","N4O3","CHNO",16,6,3,4,0,0,0,0,0,0,0,0,0,0,0,0,0,0,0,0,1,302.043287897652,303.05126654006,-2.32480003969337,2.32,303,302.712175382331,0.287824617668662,16,0.1875,0.375,13,23.2341530836846,23,1,34,0.2,0,0,0,0,0,0,0,0,0,"Ambiguous",1005.01162726988,0.0705722655883474
303.050564349812,757820.941920135,5.13733333333333,"C15H10O7","O7","CHO",15,10,7,0,0,0,0,0,0,0,0,0,0,0,0,0,0,0,0,0,1,302.043287897652,303.04992912726,2.10308448414845,2.1,303,302.712175382331,0.287824617668662,11,0.466666666666667,0.666666666666667,4,23.2340502057769,22,0.9,32,0.3,0,0,0,0,0,0,0,0,0,"Ambiguous",1005.01162726988,0.0705722655883474
303.050564349812,757820.941920135,5.13733333333333,"C7H16N2O7P2","N2O7P2","CHNOP",7,16,7,2,0,2,0,0,0,0,0,0,0,0,0,0,0,0,0,0,1,302.043287897652,303.05055031346,0.0464713266600026,0.05,303,302.712175382331,0.287824617668662,2,1,2.28571428571429,-5,23.2340979893308,18,0.8,16,1,0,0,0,0,0,0,0,0,0,"Ambiguous",1005.01162726988,0.0705722655883474
303.050935785507,327501.458038229,4.55015,"C16H6N4O3","N4O3","CHNO",16,6,3,4,0,0,0,0,0,0,0,0,0,0,0,0,0,0,0,0,1,302.043659333347,303.05126654006,-1.09505544158462,1.1,303,302.712546403278,0.287453596722116,16,0.1875,0.375,13,23.2341530836846,23,1,34,0.2,0,0,0,0,0,0,0,0,0,"Ambiguous",434.327893396942,0.0304986555513805
303.050935785507,327501.458038229,4.55015,"C7H16N2O7P2","N2O7P2","CHNOP",7,16,7,2,0,2,0,0,0,0,0,0,0,0,0,0,0,0,0,0,1,302.043659333347,303.05055031346,1.27621300871738,1.28,303,302.712546403278,0.287453596722116,2,1,2.28571428571429,-5,23.2340979893308,18,0.8,16,1,0,0,0,0,0,0,0,0,0,"Ambiguous",434.327893396942,0.0304986555513805
321.206599417168,31650.5263289749,7.5725,"C19H28O4","O4","CHO",19,28,4,0,0,0,0,0,0,0,0,0,0,0,0,0,0,0,0,0,1,320.199322965008,321.20603583456,1.76009931212858,1.76,321,320.847937258732,0.152062741267571,6,0.210526315789474,1.47368421052632,2,24.6306737986462,23,0.9,40,0.7,0,0,0,0,0,0,0,0,0,"Ambiguous",41.9744892365135,0.00294746321530766
321.206599417168,31650.5263289749,7.5725,"C20H24N4","N4","CHN",20,24,0,4,0,0,0,0,0,0,0,0,0,0,0,0,0,0,0,0,1,320.199322965008,321.20737324736,-2.41671401660688,2.42,321,320.847937258732,0.152062741267571,11,0,1.2,11,24.6307766765538,24,1,42,0.6,0,0,0,0,0,0,0,0,0,"Ambiguous",41.9744892365135,0.00294746321530766
325.075653089634,4820.39500354911,6.17416666666667,"C15H18O4P2","O4P2","CHOP",15,18,4,0,0,2,0,0,0,0,0,0,0,0,0,0,0,0,0,0,1,324.068376637474,325.07530849556,1.063337550283,1.06,325,324.712670711303,0.287329288697151,8,0.266666666666667,1.2,4,24.9283101571846,21,0.8,32,0.6,0,0,0,0,0,0,0,0,0,"Ambiguous",6.39274102708955,0.000448900495635897
325.075653089634,4820.39500354911,6.17416666666667,"C11H16O11","O11","CHO",11,16,11,0,0,0,0,0,0,0,0,0,0,0,0,0,0,0,0,0,1,324.068376637474,325.07653780786,-2.73003566539109,2.73,325,324.712670711303,0.287329288697151,4,1,1.45454545454545,-7,24.9284047196692,22,0.9,24,0.7,0,0,0,0,0,0,0,0,0,"Ambiguous",6.39274102708955,0.000448900495635897
328.13962358599,65215.2685698251,4.25918333333333,"C16H17N5O3","N5O3","CHNO",16,17,3,5,0,0,0,0,0,0,0,0,0,0,0,0,0,0,0,0,1,327.13234713383,328.14041589836,-2.42199335147512,2.42,328,327.773219950831,0.226780049169179,11,0.1875,1.0625,8,25.1640876497077,24,1,34,0.5,0,0,0,0,0,0,0,0,0,"Ambiguous",86.4875850779926,0.00607318826827847
328.13962358599,65215.2685698251,4.25918333333333,"C15H21NO7","NO7","CHNO",15,21,7,1,0,0,0,0,0,0,0,0,0,0,0,0,0,0,0,0,1,327.13234713383,328.13907848556,1.66629938898058,1.67,328,327.773219950831,0.226780049169179,6,0.466666666666667,1.4,-1,25.1639847718,23,0.9,32,0.7,0,0,0,0,0,0,0,0,0,"Ambiguous",86.4875850779926,0.00607318826827847
328.140007075516,41531.8924009096,3.64818333333333,"C16H17N5O3","N5O3","CHNO",16,17,3,5,0,0,0,0,0,0,0,0,0,0,0,0,0,0,0,0,1,327.132730623356,328.14041589836,-1.24971550084098,1.25,328,327.773603012148,0.226396987851501,11,0.1875,1.0625,8,25.1640876497077,24,1,34,0.5,0,0,0,0,0,0,0,0,0,"Ambiguous",55.0790199326988,0.00386766791305241
328.140007075516,41531.8924009096,3.64818333333333,"C15H21NO7","NO7","CHNO",15,21,7,1,0,0,0,0,0,0,0,0,0,0,0,0,0,0,0,0,1,327.132730623356,328.13907848556,2.8385724470113,2.84,328,327.773603012148,0.226396987851501,6,0.466666666666667,1.4,-1,25.1639847718,23,0.9,32,0.7,0,0,0,0,0,0,0,0,0,"Ambiguous",55.0790199326988,0.00386766791305241
337.106149667633,293095.567504954,7.93663333333333,"C20H16O5","O5","CHO",20,16,5,0,0,0,0,0,0,0,0,0,0,0,0,0,0,0,0,0,1,336.098873215473,337.10705007406,-2.67899269799736,2.68,337,336.729733929348,0.270266070652497,13,0.25,0.8,8,25.8538287401462,25,1,42,0.4,0,0,0,0,0,0,0,0,0,"Ambiguous",388.699278351147,0.0272945983523729
337.106149667633,293095.567504954,7.93663333333333,"C14H17N4O4P","N4O4P","CHNOP",14,17,4,4,0,1,0,0,0,0,0,0,0,0,0,0,0,0,0,0,1,336.098873215473,337.10601800326,0.39174297597709,0.39,337,336.729733929348,0.270266070652497,9,0.285714285714286,1.21428571428571,5,25.8537493500846,23,0.9,30,0.6,0,0,0,0,0,0,0,0,0,"Ambiguous",388.699278351147,0.0272945983523729
337.106574942973,246413.512052395,7.49315,"C20H16O5","O5","CHO",20,16,5,0,0,0,0,0,0,0,0,0,0,0,0,0,0,0,0,0,1,336.099298490813,337.10705007406,-1.41366283321424,1.41,337,336.730158729822,0.269841270178119,13,0.25,0.8,8,25.8538287401462,25,1,42,0.4,0,0,0,0,0,0,0,0,0,"Ambiguous",326.790183577644,0.0229473202113643
337.106574942973,246413.512052395,7.49315,"C14H17N4O4P","N4O4P","CHNOP",14,17,4,4,0,1,0,0,0,0,0,0,0,0,0,0,0,0,0,0,1,336.099298490813,337.10601800326,1.65706895527706,1.66,337,336.730158729822,0.269841270178119,9,0.285714285714286,1.21428571428571,5,25.8537493500846,23,0.9,30,0.6,0,0,0,0,0,0,0,0,0,"Ambiguous",326.790183577644,0.0229473202113643
337.106648941982,242007.525977319,7.70738333333333,"C20H16O5","O5","CHO",20,16,5,0,0,0,0,0,0,0,0,0,0,0,0,0,0,0,0,0,1,336.099372489822,337.10705007406,-1.1934924941827,1.19,337,336.730232646202,0.269767353797874,13,0.25,0.8,8,25.8538287401462,25,1,42,0.4,0,0,0,0,0,0,0,0,0,"Ambiguous",320.947025926417,0.0225370116512961
337.106648941982,242007.525977319,7.70738333333333,"C14H17N4O4P","N4O4P","CHNOP",14,17,4,4,0,1,0,0,0,0,0,0,0,0,0,0,0,0,0,0,1,336.099372489822,337.10601800326,1.8772386182255,1.88,337,336.730232646202,0.269767353797874,9,0.285714285714286,1.21428571428571,5,25.8537493500846,23,0.9,30,0.6,0,0,0,0,0,0,0,0,0,"Ambiguous",320.947025926417,0.0225370116512961
347.076566101288,1758461.88889132,5.40183333333333,"C17H14O8","O8","CHO",17,14,8,0,0,0,0,0,0,0,0,0,0,0,0,0,0,0,0,0,1,346.069289649128,347.07614387716,1.22005661984153,1.22,347,346.689017306941,0.310982693058918,11,0.470588235294118,0.823529411764706,3,26.6206821096154,25,0.9,36,0.4,0,0,0,0,0,0,0,0,0,"Ambiguous",2332.04777895011,0.163757205145835
347.076566101288,1758461.88889132,5.40183333333333,"C18H10N4O4","N4O4","CHNO",18,10,4,4,0,0,0,0,0,0,0,0,0,0,0,0,0,0,0,0,1,346.069289649128,347.07748128996,-2.64452437597087,2.64,347,346.689017306941,0.310982693058918,16,0.222222222222222,0.555555555555556,12,26.6207849875231,26,1,38,0.3,0,0,0,0,0,0,0,0,0,"Ambiguous",2332.04777895011,0.163757205145835
351.099529552953,9727.40816190385,7.9278,"C17H19O6P","O6P","CHOP",17,19,6,0,0,1,0,0,0,0,0,0,0,0,0,0,0,0,0,0,1,350.092253100793,351.09920128206,0.937669685633565,0.94,351,350.707488681677,0.29251131832342,9,0.352941176470588,1.11764705882353,3,26.9301480638385,24,0.9,36,0.5,0,0,0,0,0,0,0,0,0,"Ambiguous",12.9003538502682,0.000905867328697396
351.099529552953,9727.40816190385,7.9278,"C18H15N4O2P","N4O2P","CHNOP",18,15,2,4,0,1,0,0,0,0,0,0,0,0,0,0,0,0,0,0,1,350.092253100793,351.10053869486,-2.88250282080367,2.88,351,350.707488681677,0.29251131832342,14,0.111111111111111,0.833333333333333,12,26.9302509417462,25,0.9,38,0.4,0,0,0,0,0,0,0,0,0,"Ambiguous",12.9003538502682,0.000905867328697396
359.111769303186,304871.477699382,4.36498333333333,"C19H18O7","O7","CHO",19,18,7,0,0,0,0,0,0,0,0,0,0,0,0,0,0,0,0,0,1,358.104492851026,359.11252938246,-2.12250694673165,2.12,359,358.710781893427,0.28921810657323,11,0.368421052631579,0.947368421052632,4,27.5465579177154,26,0.9,40,0.4,0,0,0,0,0,0,0,0,0,"Ambiguous",404.316327197935,0.0283912329474529
359.111769303186,304871.477699382,4.36498333333333,"C13H19N4O6P","N4O6P","CHNOP",13,19,6,4,0,1,0,0,0,0,0,0,0,0,0,0,0,0,0,0,1,358.104492851026,359.11149731166,0.759531175014888,0.76,359,358.710781893427,0.28921810657323,7,0.461538461538462,1.46153846153846,1,27.5464785276538,24,0.9,28,0.7,0,0,0,0,0,0,0,0,0,"Ambiguous",404.316327197935,0.0283912329474529
361.092262536774,6140347.59717844,6.01283333333333,"C18H16O8","O8","CHO",18,16,8,0,0,0,0,0,0,0,0,0,0,0,0,0,0,0,0,0,1,360.084986084614,361.09179394096,1.30134782674296,1.3,361,360.689063690577,0.310936309422914,11,0.444444444444444,0.888888888888889,3,27.6988090376,26,0.9,38,0.4,0,0,0,0,0,0,0,0,0,"Ambiguous",8143.24385785233,0.571821412502633
361.092262536774,6140347.59717844,6.01283333333333,"C19H12N4O4","N4O4","CHNO",19,12,4,4,0,0,0,0,0,0,0,0,0,0,0,0,0,0,0,0,1,360.084986084614,361.09313135376,-2.41281091826521,2.41,361,360.689063690577,0.310936309422914,16,0.210526315789474,0.631578947368421,12,27.6989119155077,27,1,40,0.3,0,0,0,0,0,0,0,0,0,"Ambiguous",8143.24385785233,0.571821412502633
365.173198389707,9817.55815179285,9.558,"C17H25N4O3P","N4O3P","CHNOP",17,25,3,4,0,1,0,0,0,0,0,0,0,0,0,0,0,0,0,0,1,364.165921937547,365.17370363616,-1.3874072855858,1.39,365,364.765442734079,0.234557265921012,8,0.176470588235294,1.47058823529412,5,28.0128020910769,25,0.9,36,0.7,0,0,0,0,0,0,0,0,0,"Ambiguous",13.019909517082,0.000914262569152368
365.173198389707,9817.55815179285,9.558,"C16H29O7P","O7P","CHOP",16,29,7,0,0,1,0,0,0,0,0,0,0,0,0,0,0,0,0,0,1,364.165921937547,365.17236622336,2.28512965263115,2.29,365,364.765442734079,0.234557265921012,3,0.4375,1.8125,-4,28.0126992131692,24,0.9,34,0.9,0,0,0,0,0,0,0,0,0,"Ambiguous",13.019909517082,0.000914262569152368
366.155562324865,10808.8482758094,1.43095,"C19H19N5O3","N5O3","CHNO",19,19,3,5,0,0,0,0,0,0,0,0,0,0,0,0,0,0,0,0,1,365.148285872705,366.15606596216,-1.37926786020206,1.38,366,365.746709752891,0.25329024710868,13,0.157894736842105,1,10,28.0883684238462,27,1,40,0.5,0,0,0,0,0,0,0,0,0,"Ambiguous",14.3345447369931,0.00100657671097319
366.155562324865,10808.8482758094,1.43095,"C18H23NO7","NO7","CHNO",18,23,7,1,0,0,0,0,0,0,0,0,0,0,0,0,0,0,0,0,1,365.148285872705,366.15472854936,2.28338879671171,2.28,366,365.746709752891,0.25329024710868,8,0.388888888888889,1.27777777777778,1,28.0882655459385,26,0.9,38,0.6,0,0,0,0,0,0,0,0,0,"Ambiguous",14.3345447369931,0.00100657671097319
382.150553434907,103482.268986411,1.02276666666667,"C19H19N5O4","N5O4","CHNO",19,19,4,5,0,0,0,0,0,0,0,0,0,0,0,0,0,0,0,0,1,381.143276982747,382.15098058446,-1.12070598775308,1.12,382,381.723840712967,0.276159287032613,13,0.210526315789474,1,9,29.3187464717154,28,1,40,0.5,0,0,0,0,0,0,0,0,0,"Ambiguous",137.236750523282,0.00963681229511792
382.150553434907,103482.268986411,1.02276666666667,"C18H23NO8","NO8","CHNO",18,23,8,1,0,0,0,0,0,0,0,0,0,0,0,0,0,0,0,0,1,381.143276982747,382.14964317166,2.38824426985834,2.39,382,381.723840712967,0.276159287032613,8,0.444444444444444,1.27777777777778,0,29.3186435938077,27,0.9,38,0.6,0,0,0,0,0,0,0,0,0,"Ambiguous",137.236750523282,0.00963681229511792
387.194261150374,37308.625660189,7.47551666666667,"C20H27N4O2P","N4O2P","CHNOP",20,27,2,4,0,1,0,0,0,0,0,0,0,0,0,0,0,0,0,0,1,386.186984698214,387.19443907766,-0.460728333416342,0.46,387,386.761916579341,0.238083420659166,10,0.1,1.35,8,29.7067048173462,27,0.9,42,0.6,0,0,0,0,0,0,0,0,0,"Ambiguous",49.4781821295999,0.00347437513689688
387.194261150374,37308.625660189,7.47551666666667,"C19H31O6P","O6P","CHOP",19,31,6,0,0,1,0,0,0,0,0,0,0,0,0,0,0,0,0,0,1,386.186984698214,387.19310166486,3.00239407361516,3,387,386.761916579341,0.238083420659166,5,0.315789473684211,1.63157894736842,-1,29.7066019394385,26,0.9,40,0.8,0,0,0,0,0,0,0,0,0,"Ambiguous",49.4781821295999,0.00347437513689688
391.284566985331,398674.887353544,11.4377,"C24H38O4","O4","CHO",24,38,4,0,0,0,0,0,0,0,0,0,0,0,0,0,0,0,0,0,1,390.277290533171,391.28428615356,0.719569849594923,0.72,391,390.847655142261,0.152344857738512,6,0.166666666666667,1.58333333333333,2,30.0213084385692,28,0.9,50,0.8,0,0,0,0,0,0,0,0,0,"Ambiguous",528.71710865579,0.037126699035831
391.284566985331,398674.887353544,11.4377,"C25H34N4","N4","CHN",25,34,0,4,0,0,0,0,0,0,0,0,0,0,0,0,0,0,0,0,1,390.277290533171,391.28562356636,-2.70725726141948,2.71,391,390.847655142261,0.152344857738512,11,0,1.36,11,30.0214113164769,29,1,52,0.7,0,0,0,0,0,0,0,0,0,"Ambiguous",528.71710865579,0.037126699035831
396.275203642424,32336.0674670605,9.25821666666667,"C23H33N5O","N5O","CHNO",23,33,1,5,0,0,0,0,0,0,0,0,0,0,0,0,0,0,0,0,1,395.267927190264,396.27578716416,-1.4762688687704,1.48,396,395.832719209879,0.16728079012114,10,0.0434782608695652,1.43478260869565,9,30.4052700547692,29,1,48,0.7,0,0,0,0,0,0,0,0,0,"Ambiguous",42.8836443899752,0.00301130440600652
396.275203642424,32336.0674670605,9.25821666666667,"C22H37NO5","NO5","CHNO",22,37,5,1,0,0,0,0,0,0,0,0,0,0,0,0,0,0,0,0,1,395.267927190264,396.27444975136,1.90729126337182,1.91,396,395.832719209879,0.16728079012114,5,0.227272727272727,1.68181818181818,0,30.4051671768615,28,0.9,46,0.8,0,0,0,0,0,0,0,0,0,"Ambiguous",42.8836443899752,0.00301130440600652
399.251181560862,30901.6229999135,8.70013333333333,"C19H35N4O3P","N4O3P","CHNOP",19,35,3,4,0,1,0,0,0,0,0,0,0,0,0,0,0,0,0,0,1,398.243905108702,399.25195395516,-1.93950061250016,1.94,399,398.805374124787,0.194625875213148,5,0.157894736842105,1.84210526315789,2,30.6342059617692,27,0.9,40,0.9,0,0,0,0,0,0,0,0,0,"Ambiguous",40.9813040237893,0.00287772140465697
399.251181560862,30901.6229999135,8.70013333333333,"C18H39O7P","O7P","CHOP",18,39,7,0,0,1,0,0,0,0,0,0,0,0,0,0,0,0,0,0,1,398.243905108702,399.25061654236,1.41877501420972,1.42,399,398.805374124787,0.194625875213148,0,0.388888888888889,2.16666666666667,-7,30.6341030838615,26,0.8,38,1,0,0,0,0,0,0,0,0,0,"Ambiguous",40.9813040237893,0.00287772140465697
403.103461390853,15455.4656787012,6.96151666666667,"C20H18O9","O9","CHO",20,18,9,0,0,0,0,0,0,0,0,0,0,0,0,0,0,0,0,0,1,402.096184938693,403.10235862706,2.74253731944008,2.74,403,402.653352464705,0.346647535294892,12,0.45,0.9,3,30.9303909365308,29,0.9,42,0.4,0,0,0,0,0,0,0,0,0,"Ambiguous",20.4968243192232,0.00143929412389324
403.103461390853,15455.4656787012,6.96151666666667,"C21H14N4O5","N4O5","CHNO",21,14,5,4,0,0,0,0,0,0,0,0,0,0,0,0,0,0,0,0,1,402.096184938693,403.10369603986,-0.583564369926182,0.58,403,402.653352464705,0.346647535294892,17,0.238095238095238,0.666666666666667,12,30.9304938144385,30,1,44,0.3,0,0,0,0,0,0,0,0,0,"Ambiguous",20.4968243192232,0.00143929412389324
407.094965089936,13094.8415104308,3.53093333333333,"C23H20O3P2","O3P2","CHOP",23,20,3,0,0,2,0,0,0,0,0,0,0,0,0,0,0,0,0,0,1,406.087688637776,407.09604393706,-2.65668513087053,2.66,407,406.640399215099,0.35960078490109,15,0.130434782608696,0.869565217391304,12,31.2375974988385,28,0.9,48,0.4,0,0,0,0,0,0,0,0,0,"Ambiguous",17.3661972733213,0.00121946040521117
407.094965089936,13094.8415104308,3.53093333333333,"C12H23O13P","O13P","CHOP",12,23,13,0,0,1,0,0,0,0,0,0,0,0,0,0,0,0,0,0,1,406.087688637776,407.09490376576,0.151012151996676,0.15,407,406.640399215099,0.35960078490109,2,1.08333333333333,1.91666666666667,-11,31.2375097933538,26,0.8,26,0.9,0,0,0,0,0,0,0,0,0,"Ambiguous",17.3661972733213,0.00121946040521117
411.143627535406,7332.45311660901,5.46355,"C23H22O7","O7","CHO",23,22,7,0,0,0,0,0,0,0,0,0,0,0,0,0,0,0,0,0,1,410.136351083246,411.14382951006,-0.492457333034134,0.49,411,410.684540887914,0.315459112086273,13,0.304347826086957,0.956521739130435,6,31.5489656198385,30,1,48,0.5,0,0,0,0,0,0,0,0,0,"Ambiguous",9.72419767119599,0.000682836538468175
411.143627535406,7332.45311660901,5.46355,"C17H23N4O6P","N4O6P","CHNOP",17,23,6,4,0,1,0,0,0,0,0,0,0,0,0,0,0,0,0,0,1,410.136351083246,411.14279743926,2.0239516544635,2.02,411,410.684540887914,0.315459112086273,9,0.352941176470588,1.35294117647059,3,31.5488862297769,28,0.9,36,0.6,0,0,0,0,0,0,0,0,0,"Ambiguous",9.72419767119599,0.000682836538468175
425.122334556584,10026.7442458591,6.25353333333333,"C23H20O8","O8","CHO",23,20,8,0,0,0,0,0,0,0,0,0,0,0,0,0,0,0,0,0,1,424.115058104424,425.12309406856,-1.79081586851053,1.79,425,424.647639159951,0.352360840048505,14,0.347826086956522,0.869565217391304,6,32.6242936628,31,1,48,0.4,0,0,0,0,0,0,0,0,0,"Ambiguous",13.2973292150216,0.000933743076711881
425.122334556584,10026.7442458591,6.25353333333333,"C17H21N4O7P","N4O7P","CHNOP",17,21,7,4,0,1,0,0,0,0,0,0,0,0,0,0,0,0,0,0,1,424.115058104424,425.12206199776,0.642653022301872,0.64,425,424.647639159951,0.352360840048505,10,0.411764705882353,1.23529411764706,3,32.6242142727385,29,0.9,36,0.6,0,0,0,0,0,0,0,0,0,"Ambiguous",13.2973292150216,0.000933743076711881
425.195541842829,162701.485310653,8.51235,"C25H28O6","O6","CHO",25,28,6,0,0,0,0,0,0,0,0,0,0,0,0,0,0,0,0,0,1,424.188265390669,425.19586507916,-0.762011486313174,0.76,425,424.720764702287,0.27923529771283,12,0.24,1.12,6,32.6298914328462,31,1,52,0.5,0,0,0,0,0,0,0,0,0,"Ambiguous",215.772454238298,0.0151516166917595
425.195541842829,162701.485310653,8.51235,"C19H29N4O5P","N4O5P","CHNOP",19,29,5,4,0,1,0,0,0,0,0,0,0,0,0,0,0,0,0,0,1,424.188265390669,425.19483300836,1.67103743141606,1.67,425,424.720764702287,0.27923529771283,8,0.263157894736842,1.52631578947368,3,32.6298120427846,29,0.9,40,0.7,0,0,0,0,0,0,0,0,0,"Ambiguous",215.772454238298,0.0151516166917595
429.117773827761,21720.1295455707,6.88215,"C22H20O9","O9","CHO",22,20,9,0,0,0,0,0,0,0,0,0,0,0,0,0,0,0,0,0,1,428.110497375601,429.11800869086,-0.548603924337677,0.55,429,428.638617087945,0.361382912055092,13,0.409090909090909,0.909090909090909,4,32.9315947875923,31,0.9,46,0.4,0,0,0,0,0,0,0,0,0,"Ambiguous",28.8049346905052,0.00202269252024031
429.117773827761,21720.1295455707,6.88215,"C16H21N4O8P","N4O8P","CHNOP",16,21,8,4,0,1,0,0,0,0,0,0,0,0,0,0,0,0,0,0,1,428.110497375601,429.11697662006,1.86215406055678,1.86,429,428.638617087945,0.361382912055092,9,0.5,1.3125,1,32.9315153975308,29,0.9,34,0.6,0,0,0,0,0,0,0,0,0,"Ambiguous",28.8049346905052,0.00202269252024031
429.174325467149,143707.67877634,4.47078333333333,"C14H29N4O9P","N4O9P","CHNOP",14,29,9,4,0,1,0,0,0,0,0,0,0,0,0,0,0,0,0,0,1,428.167049014989,429.17449149756,-0.387770174390314,0.39,429,428.695105581267,0.30489441873317,3,0.642857142857143,2.07142857142857,-6,32.9359396188769,28,0.9,30,1,0,0,0,0,0,0,0,0,0,"Ambiguous",190.583131329469,0.0133828136868216
429.174325467149,143707.67877634,4.47078333333333,"C20H28O10","O10","CHO",20,28,10,0,0,0,0,0,0,0,0,0,0,0,0,0,0,0,0,0,1,428.167049014989,429.17552356836,-2.79820974997847,2.8,429,428.695105581267,0.30489441873317,7,0.5,1.4,-3,32.9360190089385,30,0.9,42,0.7,0,0,0,0,0,0,0,0,0,"Ambiguous",190.583131329469,0.0133828136868216
433.040829136373,5609.27248937965,2.12386666666667,"C19H12O12","O12","CHO",19,12,12,0,0,0,0,0,0,0,0,0,0,0,0,0,0,0,0,0,1,432.033552684213,433.04015230256,1.56662326055329,1.57,433,432.557291877952,0.442708122047748,14,0.631578947368421,0.631578947368421,2,33.2332981423385,31,0.9,40,0.3,0,0,0,0,0,0,0,0,0,"Ambiguous",7.43893941234699,0.000522364909677608
433.040829136373,5609.27248937965,2.12386666666667,"C20H8N4O8","N4O8","CHNO",20,8,8,4,0,0,0,0,0,0,0,0,0,0,0,0,0,0,0,0,1,432.033552684213,433.04148971536,-1.52899927085198,1.53,433,432.557291877952,0.442708122047748,19,0.4,0.4,11,33.2334010202462,32,1,42,0.2,0,0,0,0,0,0,0,0,0,"Ambiguous",7.43893941234699,0.000522364909677608
437.143234903015,75865.3916851304,5.42828333333333,"C21H24O10","O10","CHO",21,24,10,0,0,0,0,0,0,0,0,0,0,0,0,0,0,0,0,0,1,436.135958450855,437.14422344076,-2.26658161381227,2.27,437,436.655116861666,0.3448831383335,10,0.476190476190476,1.14285714285714,0,33.5489959222,31,0.9,44,0.5,0,0,0,0,0,0,0,0,0,"Ambiguous",100.611630707581,0.0070649836588064
437.143234903015,75865.3916851304,5.42828333333333,"C15H25N4O9P","N4O9P","CHNOP",15,25,9,4,0,1,0,0,0,0,0,0,0,0,0,0,0,0,0,0,1,436.135958450855,437.14319136996,0.0998153319660625,0.1,437,436.655116861666,0.3448831383335,6,0.6,1.66666666666667,-3,33.5489165321385,29,0.9,32,0.8,0,0,0,0,0,0,0,0,0,"Ambiguous",100.611630707581,0.0070649836588064
443.153659375775,17675.0283562878,3.23116666666667,"C14H27N4O10P","N4O10P","CHNOP",14,27,10,4,0,1,0,0,0,0,0,0,0,0,0,0,0,0,0,0,1,442.146382923615,443.15375605606,-0.218661260132523,0.22,443,442.658830040765,0.341169959235117,4,0.714285714285714,1.92857142857143,-6,34.0112676618385,29,0.9,30,0.9,0,0,0,0,0,0,0,0,0,"Ambiguous",23.4403775717591,0.00164599145581935
443.153659375775,17675.0283562878,3.23116666666667,"C20H26O11","O11","CHO",20,26,11,0,0,0,0,0,0,0,0,0,0,0,0,0,0,0,0,0,1,442.146382923615,443.15478812686,-2.5528900130578,2.55,443,442.658830040765,0.341169959235117,8,0.55,1.3,-3,34.0113470519,31,0.9,42,0.6,0,0,0,0,0,0,0,0,0,"Ambiguous",23.4403775717591,0.00164599145581935
443.190187601035,31874.5926713521,5.1285,"C15H31N4O9P","N4O9P","CHNOP",15,31,9,4,0,1,0,0,0,0,0,0,0,0,0,0,0,0,0,0,1,442.182911148875,443.19014156136,0.104119074208569,0.1,443,442.695317478283,0.304682521717211,3,0.6,2.06666666666667,-6,34.0140665468615,29,0.9,32,1,0,0,0,0,0,0,0,0,0,"Ambiguous",42.2716429134736,0.00296832944972919
443.190187601035,31874.5926713521,5.1285,"C21H30O10","O10","CHO",21,30,10,0,0,0,0,0,0,0,0,0,0,0,0,0,0,0,0,0,1,442.182911148875,443.19117363216,-2.22991685074542,2.23,443,442.695317478283,0.304682521717211,7,0.476190476190476,1.42857142857143,-3,34.0141459369231,31,0.9,44,0.7,0,0,0,0,0,0,0,0,0,"Ambiguous",42.2716429134736,0.00296832944972919
445.147461582847,7350.85966643472,5.41946666666667,"C17H25N4O8P","N4O8P","CHNOP",17,25,8,4,0,1,0,0,0,0,0,0,0,0,0,0,0,0,0,0,1,444.140185130687,445.14827674766,-1.83537729931547,1.84,445,444.65040595048,0.349594049519567,8,0.470588235294118,1.47058823529412,0,34.1646923304231,30,0.9,36,0.7,0,0,0,0,0,0,0,0,0,"Ambiguous",9.74860818239919,0.0006845506530446
445.147461582847,7350.85966643472,5.41946666666667,"C16H29O12P","O12P","CHOP",16,29,12,0,0,1,0,0,0,0,0,0,0,0,0,0,0,0,0,0,1,444.140185130687,445.14693933486,1.17586294596607,1.18,445,444.65040595048,0.349594049519567,3,0.75,1.8125,-9,34.1645894525154,29,0.8,34,0.9,0,0,0,0,0,0,0,0,0,"Ambiguous",9.74860818239919,0.0006845506530446
445.22144110234,69279.9374407218,6.45631666666667,"C25H32O7","O7","CHO",25,32,7,0,0,0,0,0,0,0,0,0,0,0,0,0,0,0,0,0,1,444.21416465018,445.22207982906,-1.43788012793748,1.44,445,444.724302863782,0.275697136218412,10,0.28,1.28,3,34.1703694905308,32,0.9,52,0.6,0,0,0,0,0,0,0,0,0,"Ambiguous",91.8780925848222,0.00645171157796531
445.22144110234,69279.9374407218,6.45631666666667,"C19H33N4O6P","N4O6P","CHNOP",19,33,6,4,0,1,0,0,0,0,0,0,0,0,0,0,0,0,0,0,1,444.21416465018,445.22104775826,0.885482974905681,0.89,445,444.724302863782,0.275697136218412,6,0.315789473684211,1.73684210526316,0,34.1702901004692,30,0.9,40,0.8,0,0,0,0,0,0,0,0,0,"Ambiguous",91.8780925848222,0.00645171157796531
451.067304301756,8500.13665556738,6.45631666666667,"C23H14O10","O10","CHO",23,14,10,0,0,0,0,0,0,0,0,0,0,0,0,0,0,0,0,0,1,450.060027849596,451.06597312176,2.9577832143335,2.96,451,450.563638520124,0.4363614798757,17,0.434782608695652,0.608695652173913,7,34.6198997438154,33,1,48,0.3,0,0,0,0,0,0,0,0,0,"Ambiguous",11.2727633926068,0.000791577361367202
451.067304301756,8500.13665556738,6.45631666666667,"C13H25O11P3","O11P3","CHOP",13,25,11,0,0,3,0,0,0,0,0,0,0,0,0,0,0,0,0,0,1,450.060027849596,451.06824756496,-2.09586087593489,2.1,451,450.563638520124,0.4363614798757,3,0.846153846153846,1.92307692307692,-8,34.6200747009846,27,0.8,28,0.9,0,0,0,0,0,0,0,0,0,"Ambiguous",11.2727633926068,0.000791577361367202
461.233490512267,74097.7486736452,4.8261,"C29H32O5","O5","CHO",29,32,5,0,0,0,0,0,0,0,0,0,0,0,0,0,0,0,0,0,1,460.226214060107,461.23225058446,2.69417032185868,2.69,461,460.718473076293,0.281526923707361,14,0.172413793103448,1.10344827586207,9,35.4019210871,34,1,60,0.5,0,0,0,0,0,0,0,0,0,"Ambiguous",98.2674070511275,0.00690037145931262
461.233490512267,74097.7486736452,4.8261,"C17H36N2O12","N2O12","CHNO",17,36,12,2,0,0,0,0,0,0,0,0,0,0,0,0,0,0,0,0,1,460.226214060107,461.23410108296,-1.32667517427223,1.33,461,460.718473076293,0.281526923707361,1,0.705882352941177,2.11764705882353,-11,35.4020634331385,31,0.9,36,1,0,0,0,0,0,0,0,0,0,"Ambiguous",98.2674070511275,0.00690037145931262
465.131347659677,8861.64131909783,5.89821666666667,"C22H25O9P","O9P","CHOP",22,25,9,0,0,1,0,0,0,0,0,0,0,0,0,0,0,0,0,0,1,464.124071207517,465.13089534036,0.974565520533492,0.97,465,464.61197784159,0.388022158410195,11,0.409090909090909,1.13636363636364,2,35.7018168375538,32,0.9,46,0.5,0,0,0,0,0,0,0,0,0,"Ambiguous",11.7521858657307,0.000825242573971984
465.131347659677,8861.64131909783,5.89821666666667,"C23H21N4O5P","N4O5P","CHNOP",23,21,5,4,0,1,0,0,0,0,0,0,0,0,0,0,0,0,0,0,1,464.124071207517,465.13223275316,-1.90701913102908,1.91,465,464.61197784159,0.388022158410195,16,0.217391304347826,0.91304347826087,11,35.7019197154615,33,0.9,48,0.4,0,0,0,0,0,0,0,0,0,"Ambiguous",11.7521858657307,0.000825242573971984
465.131715675742,5504.62353457412,6.07456666666667,"C22H25O9P","O9P","CHOP",22,25,9,0,0,1,0,0,0,0,0,0,0,0,0,0,0,0,0,0,1,464.124439223582,465.13089534036,1.76749016585157,1.77,465,464.612345446725,0.387654553275183,11,0.409090909090909,1.13636363636364,2,35.7018168375538,32,0.9,46,0.5,0,0,0,0,0,0,0,0,0,"Ambiguous",7.30015541926452,0.000512619449472502
465.131715675742,5504.62353457412,6.07456666666667,"C23H21N4O5P","N4O5P","CHNOP",23,21,5,4,0,1,0,0,0,0,0,0,0,0,0,0,0,0,0,0,1,464.124439223582,465.13223275316,-1.11409220082929,1.11,465,464.612345446725,0.387654553275183,16,0.217391304347826,0.91304347826087,11,35.7019197154615,33,0.9,48,0.4,0,0,0,0,0,0,0,0,0,"Ambiguous",7.30015541926452,0.000512619449472502
465.13213136822,15584.1658351763,6.74108333333333,"C22H25O9P","O9P","CHOP",22,25,9,0,0,1,0,0,0,0,0,0,0,0,0,0,0,0,0,0,1,464.12485491606,465.13089534036,2.6631365404183,2.66,465,464.612760675037,0.387239324962763,11,0.409090909090909,1.13636363636364,2,35.7018168375538,32,0.9,46,0.5,0,0,0,0,0,0,0,0,0,"Ambiguous",20.6675046825307,0.00145127935829572
465.13213136822,15584.1658351763,6.74108333333333,"C23H21N4O5P","N4O5P","CHNOP",23,21,5,4,0,1,0,0,0,0,0,0,0,0,0,0,0,0,0,0,1,464.12485491606,465.13223275316,-0.218443245379203,0.22,465,464.612760675037,0.387239324962763,16,0.217391304347826,0.91304347826087,11,35.7019197154615,33,0.9,48,0.4,0,0,0,0,0,0,0,0,0,"Ambiguous",20.6675046825307,0.00145127935829572
465.190982457814,6371.07483023567,4.11811666666667,"C27H28O7","O7","CHO",27,28,7,0,0,0,0,0,0,0,0,0,0,0,0,0,0,0,0,0,1,464.183706005654,465.19077970146,0.43680196277575,0.44,465,464.671546050978,0.328453949021707,14,0.259259259259259,1.03703703703704,7,35.7064233268692,34,1,56,0.5,0,0,0,0,0,0,0,0,0,"Ambiguous",8.44923111569029,0.000593307944042026
465.190982457814,6371.07483023567,4.11811666666667,"C21H29N4O6P","N4O6P","CHNOP",21,29,6,4,0,1,0,0,0,0,0,0,0,0,0,0,0,0,0,0,1,464.183706005654,465.18974763066,2.66021219155443,2.66,465,464.671546050978,0.328453949021707,10,0.285714285714286,1.38095238095238,4,35.7063439368077,32,0.9,44,0.7,0,0,0,0,0,0,0,0,0,"Ambiguous",8.44923111569029,0.000593307944042026
467.224314902261,172767.051948284,5.66015,"C19H34N2O11","N2O11","CHNO",19,34,11,2,0,0,0,0,0,0,0,0,0,0,0,0,0,0,0,0,1,466.217038450101,467.22353639686,1.66983472698295,1.67,467,466.702608058253,0.297391941746923,4,0.578947368421053,1.78947368421053,-7,35.8627892265154,32,0.9,40,0.8,0,0,0,0,0,0,0,0,0,"Ambiguous",229.12126917108,0.0160889751134577
467.224314902261,172767.051948284,5.66015,"C21H41O5P3","O5P3","CHOP",21,41,5,0,0,3,0,0,0,0,0,0,0,0,0,0,0,0,0,0,1,466.217038450101,467.22396034156,0.760505669828492,0.76,467,466.702608058253,0.297391941746923,3,0.238095238095238,1.95238095238095,-2,35.8628218376462,29,0.8,44,0.9,0,0,0,0,0,0,0,0,0,"Ambiguous",229.12126917108,0.0160889751134577
469.081204872969,13363.6038982686,10.9148833333333,"C20H22O9P2","O9P2","CHOP",20,22,9,0,0,2,0,0,0,0,0,0,0,0,0,0,0,0,0,0,1,468.073928420809,469.08118173466,0.0494330233134125,0.05,469,468.557424609031,0.442575390968614,11,0.45,1.1,2,36.0056850217308,31,0.9,42,0.5,0,0,0,0,0,0,0,0,0,"Ambiguous",17.7226262261362,0.00124448897009431
469.081204872969,13363.6038982686,10.9148833333333,"C16H20O16","O16","CHO",16,20,16,0,0,0,0,0,0,0,0,0,0,0,0,0,0,0,0,0,1,468.073928420809,469.08241104696,-2.57688778939394,2.58,469,468.557424609031,0.442575390968614,7,1,1.25,-9,36.0057795842154,32,0.9,34,0.6,0,0,0,0,0,0,0,0,0,"Ambiguous",17.7226262261362,0.00124448897009431
469.081408710269,5990.66228169871,8.86765,"C20H22O9P2","O9P2","CHOP",20,22,9,0,0,2,0,0,0,0,0,0,0,0,0,0,0,0,0,0,1,468.074132258109,469.08118173466,0.484913806797962,0.48,469,468.557628218725,0.442371781275256,11,0.45,1.1,2,36.0056850217308,31,0.9,42,0.5,0,0,0,0,0,0,0,0,0,"Ambiguous",7.94473326759664,0.000557881929896168
469.081408710269,5990.66228169871,8.86765,"C16H20O16","O16","CHO",16,20,16,0,0,0,0,0,0,0,0,0,0,0,0,0,0,0,0,0,1,468.074132258109,469.08241104696,-2.14140586219709,2.14,469,468.557628218725,0.442371781275256,7,1,1.25,-9,36.0057795842154,32,0.9,34,0.6,0,0,0,0,0,0,0,0,0,"Ambiguous",7.94473326759664,0.000557881929896168
471.237303915092,152533.392906758,10.3127,"C27H34O7","O7","CHO",27,34,7,0,0,0,0,0,0,0,0,0,0,0,0,0,0,0,0,0,1,470.230027462932,471.23772989286,-0.90589231520891,0.91,471,470.711116131702,0.288883868298399,11,0.259259259259259,1.25925925925926,4,36.1715733415923,34,0.9,56,0.6,0,0,0,0,0,0,0,0,0,"Ambiguous",202.287671055642,0.0142047105323225
471.237303915092,152533.392906758,10.3127,"C21H35N4O6P","N4O6P","CHNOP",21,35,6,4,0,1,0,0,0,0,0,0,0,0,0,0,0,0,0,0,1,470.230027462932,471.23669782206,1.2889288142153,1.29,471,470.711116131702,0.288883868298399,7,0.285714285714286,1.66666666666667,1,36.1714939515308,32,0.9,44,0.8,0,0,0,0,0,0,0,0,0,"Ambiguous",202.287671055642,0.0142047105323225
471.307015778261,14912.7845260533,5.77478333333333,"C22H47O8P","O8P","CHOP",22,47,8,0,0,1,0,0,0,0,0,0,0,0,0,0,0,0,0,0,1,470.299739326101,471.30813141986,-2.37219268059001,2.37,471,470.780750153981,0.219249846018556,0,0.363636363636364,2.13636363636364,-8,36.1769888436692,31,0.9,46,1,0,0,0,0,0,0,0,0,0,"Ambiguous",19.7771280979372,0.00138875680522609
471.307015778261,14912.7845260533,5.77478333333333,"C24H42N2O7","N2O7","CHNO",24,42,7,2,0,0,0,0,0,0,0,0,0,0,0,0,0,0,0,0,1,470.299739326101,471.30647816286,1.14313352917871,1.14,471,470.780750153981,0.219249846018556,5,0.291666666666667,1.75,-2,36.1768616700538,33,0.9,50,0.8,0,0,0,0,0,0,0,0,0,"Ambiguous",19.7771280979372,0.00138875680522609
473.11239982805,77667.7670596342,3.85098333333333,"C20H26O9P2","O9P2","CHOP",20,26,9,0,0,2,0,0,0,0,0,0,0,0,0,0,0,0,0,0,1,472.10512337589,473.11248186226,-0.173762592942712,0.17,473,472.584118295812,0.415881704188223,9,0.45,1.3,0,36.3157850315462,31,0.9,42,0.6,0,0,0,0,0,0,0,0,0,"Ambiguous",103.001915942364,0.00723283031833139
473.11239982805,77667.7670596342,3.85098333333333,"C16H24O16","O16","CHO",16,24,16,0,0,0,0,0,0,0,0,0,0,0,0,0,0,0,0,0,1,472.10512337589,473.11371117456,-2.77765786777708,2.78,473,472.584118295812,0.415881704188223,5,1,1.5,-11,36.3158795940308,32,0.9,34,0.7,0,0,0,0,0,0,0,0,0,"Ambiguous",103.001915942364,0.00723283031833139
477.102496648711,13890.3643430286,4.64975,"C22H20O12","O12","CHO",22,20,12,0,0,0,0,0,0,0,0,0,0,0,0,0,0,0,0,0,1,476.095220196551,477.10275255776,-0.5375165267126,0.54,477,476.569759738717,0.43024026128279,13,0.545454545454545,0.909090909090909,1,36.6227289312,34,0.9,46,0.4,0,0,0,0,0,0,0,0,0,"Ambiguous",18.421208625335,0.00129354366883996
477.102496648711,13890.3643430286,4.64975,"C16H21N4O11P","N4O11P","CHNOP",16,21,11,4,0,1,0,0,0,0,0,0,0,0,0,0,0,0,0,0,1,476.095220196551,477.10172048696,1.6302657912786,1.63,477,476.569759738717,0.43024026128279,9,0.6875,1.3125,-2,36.6226495411385,32,0.9,34,0.6,0,0,0,0,0,0,0,0,0,"Ambiguous",18.421208625335,0.00129354366883996
477.225951288835,8015.17198331061,7.69856666666667,"C23H33N4O5P","N4O5P","CHNOP",23,33,5,4,0,1,0,0,0,0,0,0,0,0,0,0,0,0,0,0,1,476.218674836675,477.22613313596,-0.381856350453365,0.38,477,476.693076528287,0.306923471712878,10,0.217391304347826,1.43478260869565,5,36.6322197449077,33,0.9,48,0.7,0,0,0,0,0,0,0,0,0,"Ambiguous",10.6296099674742,0.00074641490443542
477.225951288835,8015.17198331061,7.69856666666667,"C22H37O9P","O9P","CHOP",22,37,9,0,0,1,0,0,0,0,0,0,0,0,0,0,0,0,0,0,1,476.218674836675,477.22479572316,2.42654422407471,2.43,477,476.693076528287,0.306923471712878,5,0.409090909090909,1.68181818181818,-4,36.632116867,32,0.9,46,0.8,0,0,0,0,0,0,0,0,0,"Ambiguous",10.6296099674742,0.00074641490443542
479.098372136758,5315.84922095202,5.98638333333333,"C25H18O10","O10","CHO",25,18,10,0,0,0,0,0,0,0,0,0,0,0,0,0,0,0,0,0,1,478.091095684598,479.09727324936,2.29848957132586,2.3,479,478.563406614364,0.436593385636343,17,0.4,0.72,7,36.7761535997846,35,1,52,0.3,0,0,0,0,0,0,0,0,0,"Ambiguous",7.04980554157521,0.000495039794094489
479.098372136758,5315.84922095202,5.98638333333333,"C15H29O11P3","O11P3","CHOP",15,29,11,0,0,3,0,0,0,0,0,0,0,0,0,0,0,0,0,0,1,478.091095684598,479.09954769256,-2.45885316205935,2.46,479,478.563406614364,0.436593385636343,3,0.733333333333333,1.93333333333333,-8,36.7763285569538,29,0.8,32,0.9,0,0,0,0,0,0,0,0,0,"Ambiguous",7.04980554157521,0.000495039794094489
479.09847589569,166676.007483672,5.04653333333333,"C25H18O10","O10","CHO",25,18,10,0,0,0,0,0,0,0,0,0,0,0,0,0,0,0,0,0,1,478.09119944353,479.09727324936,2.51551656056226,2.52,479,478.563510257438,0.436489742562401,17,0.4,0.72,7,36.7761535997846,35,1,52,0.3,0,0,0,0,0,0,0,0,0,"Ambiguous",221.043410444133,0.0155217450675607
479.09847589569,166676.007483672,5.04653333333333,"C15H29O11P3","O11P3","CHOP",15,29,11,0,0,3,0,0,0,0,0,0,0,0,0,0,0,0,0,0,1,478.09119944353,479.09954769256,-2.2418251403488,2.24,479,478.563510257438,0.436489742562401,3,0.733333333333333,1.93333333333333,-8,36.7763285569538,29,0.8,32,0.9,0,0,0,0,0,0,0,0,0,"Ambiguous",221.043410444133,0.0155217450675607
479.098539200809,62770.9516613567,5.32248333333333,"C25H18O10","O10","CHO",25,18,10,0,0,0,0,0,0,0,0,0,0,0,0,0,0,0,0,0,1,478.091262748649,479.09727324936,2.64792843419488,2.65,479,478.56357349187,0.436426508130353,17,0.4,0.72,7,36.7761535997846,35,1,52,0.3,0,0,0,0,0,0,0,0,0,"Ambiguous",83.2459658802983,0.00584556064214103
479.098539200809,62770.9516613567,5.32248333333333,"C15H29O11P3","O11P3","CHOP",15,29,11,0,0,3,0,0,0,0,0,0,0,0,0,0,0,0,0,0,1,478.091262748649,479.09954769256,-2.10941263678607,2.11,479,478.56357349187,0.436426508130353,3,0.733333333333333,1.93333333333333,-8,36.7763285569538,29,0.8,32,0.9,0,0,0,0,0,0,0,0,0,"Ambiguous",83.2459658802983,0.00584556064214103
481.185099975919,54438.8954211599,8.3272,"C27H28O8","O8","CHO",27,28,8,0,0,0,0,0,0,0,0,0,0,0,0,0,0,0,0,0,1,480.177823523759,481.18569432376,-1.23776611948547,1.24,481,480.647804394578,0.352195605422366,14,0.296296296296296,1.03703703703704,6,36.9368013747385,35,0.9,56,0.5,0,0,0,0,0,0,0,0,0,"Ambiguous",72.1961084044055,0.00506963581167866
481.185099975919,54438.8954211599,8.3272,"C21H29N4O7P","N4O7P","CHNOP",21,29,7,4,0,1,0,0,0,0,0,0,0,0,0,0,0,0,0,0,1,480.177823523759,481.18466225296,0.911585119704248,0.91,481,480.647804394578,0.352195605422366,10,0.333333333333333,1.38095238095238,3,36.9367219846769,33,0.9,44,0.7,0,0,0,0,0,0,0,0,0,"Ambiguous",72.1961084044055,0.00506963581167866
481.185144964868,198460.415070093,8.44181666666667,"C27H28O8","O8","CHO",27,28,8,0,0,0,0,0,0,0,0,0,0,0,0,0,0,0,0,0,1,480.177868512708,481.18569432376,-1.14407374459563,1.14,481,480.647849333292,0.352150666708269,14,0.296296296296296,1.03703703703704,6,36.9368013747385,35,0.9,56,0.5,0,0,0,0,0,0,0,0,0,"Ambiguous",263.195451148235,0.0184816760086003
481.185144964868,198460.415070093,8.44181666666667,"C21H29N4O7P","N4O7P","CHNOP",21,29,7,4,0,1,0,0,0,0,0,0,0,0,0,0,0,0,0,0,1,480.177868512708,481.18466225296,1.00527729321651,1.01,481,480.647849333292,0.352150666708269,10,0.333333333333333,1.38095238095238,3,36.9367219846769,33,0.9,44,0.7,0,0,0,0,0,0,0,0,0,"Ambiguous",263.195451148235,0.0184816760086003
485.214388479251,323619.295893365,6.2447,"C20H37O11P","O11P","CHOP",20,37,11,0,0,1,0,0,0,0,0,0,0,0,0,0,0,0,0,0,1,484.207112027091,485.21462496776,-0.488403626460735,0.49,485,484.672593758371,0.327406241629376,3,0.55,1.85,-8,37.2467191165846,32,0.9,42,0.9,0,0,0,0,0,0,0,0,0,"Ambiguous",429.179423780031,0.0301371282264029
485.214388479251,323619.295893365,6.2447,"C22H32N2O10","N2O10","CHNO",22,32,10,2,0,0,0,0,0,0,0,0,0,0,0,0,0,0,0,0,1,484.207112027091,485.21297171076,2.92595555781969,2.93,485,484.672593758371,0.327406241629376,8,0.454545454545455,1.45454545454545,-2,37.2465919429692,34,0.9,46,0.7,0,0,0,0,0,0,0,0,0,"Ambiguous",429.179423780031,0.0301371282264029
495.107692340669,18225.8980075298,3.1342,"C29H18O8","O8","CHO",29,18,8,0,0,0,0,0,0,0,0,0,0,0,0,0,0,0,0,0,1,494.100415888509,495.10744400476,0.502602104365132,0.5,495,494.554850668315,0.445149331685457,21,0.275862068965517,0.620689655172414,13,38.0077051963538,37,1,60,0.3,0,0,0,0,0,0,0,0,0,"Ambiguous",24.170933266361,0.00169729133047511
495.107692340669,18225.8980075298,3.1342,"C23H19N4O7P","N4O7P","CHNOP",23,19,7,4,0,1,0,0,0,0,0,0,0,0,0,0,0,0,0,0,1,494.100415888509,495.10641193396,2.59138966004744,2.59,495,494.554850668315,0.445149331685457,17,0.304347826086957,0.826086956521739,10,38.0076258062923,35,0.9,48,0.4,0,0,0,0,0,0,0,0,0,"Ambiguous",24.170933266361,0.00169729133047511
497.020867456334,4682.33018491148,8.90291666666667,"C20H8N4O12","N4O12","CHNO",20,8,12,4,0,0,0,0,0,0,0,0,0,0,0,0,0,0,0,0,1,496.013591004174,497.02114820456,-0.56600914060639,0.57,497,496.465889515554,0.534110484446273,19,0.6,0.4,7,38.1549132117231,36,0.9,42,0.2,0,0,0,0,0,0,0,0,0,"Ambiguous",6.20964137864733,0.000436043174717034
497.020867456334,4682.33018491148,8.90291666666667,"C19H12O16","O16","CHO",19,12,16,0,0,0,0,0,0,0,0,0,0,0,0,0,0,0,0,0,1,496.013591004174,497.01981079176,2.13031375108039,2.13,497,496.465889515554,0.534110484446273,14,0.842105263157895,0.631578947368421,-2,38.1548103338154,35,0.9,40,0.3,0,0,0,0,0,0,0,0,0,"Ambiguous",6.20964137864733,0.000436043174717034
503.154496213027,22684.9552824802,4.86136666666667,"C25H26O11","O11","CHO",25,26,11,0,0,0,0,0,0,0,0,0,0,0,0,0,0,0,0,0,1,502.147219760867,503.15478812686,-0.58133117408127,0.58,503,502.592669407582,0.407330592417736,13,0.44,1.04,2,38.6267316672846,36,0.9,52,0.5,0,0,0,0,0,0,0,0,0,"Ambiguous",30.0844732071189,0.00211254215936368
503.154496213027,22684.9552824802,4.86136666666667,"C19H27N4O10P","N4O10P","CHNOP",19,27,10,4,0,1,0,0,0,0,0,0,0,0,0,0,0,0,0,0,1,502.147219760867,503.15375605606,1.47398399925317,1.47,503,502.592669407582,0.407330592417736,9,0.526315789473684,1.42105263157895,-1,38.6266522772231,34,0.9,40,0.7,0,0,0,0,0,0,0,0,0,"Ambiguous",30.0844732071189,0.00211254215936368
509.143271222283,6581.17886918301,7.12285,"C27H24O10","O10","CHO",27,24,10,0,0,0,0,0,0,0,0,0,0,0,0,0,0,0,0,0,1,508.135994770123,509.14422344076,-1.87394415518163,1.87,509,508.574757297161,0.425242702838943,16,0.37037037037037,0.888888888888889,6,39.0874574606615,37,0.9,56,0.4,0,0,0,0,0,0,0,0,0,"Ambiguous",8.72786817940539,0.000612873935449188
509.143271222283,6581.17886918301,7.12285,"C21H25N4O9P","N4O9P","CHNOP",21,25,9,4,0,1,0,0,0,0,0,0,0,0,0,0,0,0,0,0,1,508.135994770123,509.14319136996,0.157147542010802,0.16,509,508.574757297161,0.425242702838943,12,0.428571428571429,1.19047619047619,3,39.0873780706,35,0.9,44,0.6,0,0,0,0,0,0,0,0,0,"Ambiguous",8.72786817940539,0.000612873935449188
509.143645615092,4628.71365008166,6.35933333333333,"C27H24O10","O10","CHO",27,24,10,0,0,0,0,0,0,0,0,0,0,0,0,0,0,0,0,0,1,508.136369162932,509.14422344076,-1.137146843132,1.14,509,508.57513127192,0.4248687280799,16,0.37037037037037,0.888888888888889,6,39.0874574606615,37,0.9,56,0.4,0,0,0,0,0,0,0,0,0,"Ambiguous",6.13853587345852,0.000431050121442009
509.143645615092,4628.71365008166,6.35933333333333,"C21H25N4O9P","N4O9P","CHNOP",21,25,9,4,0,1,0,0,0,0,0,0,0,0,0,0,0,0,0,0,1,508.136369162932,509.14319136996,0.893943357560332,0.89,509,508.57513127192,0.4248687280799,12,0.428571428571429,1.19047619047619,3,39.0873780706,35,0.9,44,0.6,0,0,0,0,0,0,0,0,0,"Ambiguous",6.13853587345852,0.000431050121442009
509.237333845139,237176.216348923,6.18298333333333,"C30H38O3P2","O3P2","CHOP",30,38,3,0,0,2,0,0,0,0,0,0,0,0,0,0,0,0,0,0,1,508.230057392979,509.23689451126,0.864438993959095,0.86,509,508.668714888853,0.331285111147054,13,0.1,1.26666666666667,10,39.0945860045462,35,0.9,62,0.6,0,0,0,0,0,0,0,0,0,"Ambiguous",314.539810075168,0.0220870947284794
509.237333845139,237176.216348923,6.18298333333333,"C20H37N4O9P","N4O9P","CHNOP",20,37,9,4,0,1,0,0,0,0,0,0,0,0,0,0,0,0,0,0,1,508.230057392979,509.23709175276,0.476344080630231,0.48,509,508.668714888853,0.331285111147054,5,0.45,1.85,-4,39.0946011769692,34,0.9,42,0.9,0,0,0,0,0,0,0,0,0,"Ambiguous",314.539810075168,0.0220870947284794
511.180706227702,34757.2053501856,5.42828333333333,"C18H31N4O11P","N4O11P","CHNOP",18,31,11,4,0,1,0,0,0,0,0,0,0,0,0,0,0,0,0,0,1,510.173429775542,511.17997080596,1.44151321676767,1.44,511,510.609917284452,0.39008271554826,6,0.611111111111111,1.72222222222222,-5,39.2440534118308,34,0.9,38,0.8,0,0,0,0,0,0,0,0,0,"Ambiguous",46.0945238855972,0.00323677347958607
511.180706227702,34757.2053501856,5.42828333333333,"C24H30O12","O12","CHO",24,30,12,0,0,0,0,0,0,0,0,0,0,0,0,0,0,0,0,0,1,510.173429775542,511.18100287676,-0.58146708704674,0.58,511,510.609917284452,0.39008271554826,10,0.5,1.25,-2,39.2441328018923,36,0.9,50,0.6,0,0,0,0,0,0,0,0,0,"Ambiguous",46.0945238855972,0.00323677347958607
511.180913566698,22589.3483958463,6.07456666666667,"C18H31N4O11P","N4O11P","CHNOP",18,31,11,4,0,1,0,0,0,0,0,0,0,0,0,0,0,0,0,0,1,510.173637114538,511.17997080596,1.84792131434658,1.85,511,510.610124391931,0.389875608068678,6,0.611111111111111,1.72222222222222,-5,39.2440534118308,34,0.9,38,0.8,0,0,0,0,0,0,0,0,0,"Ambiguous",29.9576806794927,0.00210363874402851
511.180913566698,22589.3483958463,6.07456666666667,"C24H30O12","O12","CHO",24,30,12,0,0,0,0,0,0,0,0,0,0,0,0,0,0,0,0,0,1,510.173637114538,511.18100287676,-0.175058167311077,0.18,511,510.610124391931,0.389875608068678,10,0.5,1.25,-2,39.2441328018923,36,0.9,50,0.6,0,0,0,0,0,0,0,0,0,"Ambiguous",29.9576806794927,0.00210363874402851
514.213781262144,32403.2980871457,3.3546,"C20H35NO14","NO14","CHNO",20,35,14,1,0,0,0,0,0,0,0,0,0,0,0,0,0,0,0,0,1,513.206504809984,514.21303128826,1.46134914004034,1.46,514,513.639605560215,0.360394439785409,4,0.7,1.75,-10,39.4773657566231,35,0.9,42,0.8,0,0,0,0,0,0,0,0,0,"Ambiguous",42.9728047062934,0.00301756527439094
514.213781262144,32403.2980871457,3.3546,"C21H31N5O10","N5O10","CHNO",21,31,10,5,0,0,0,0,0,0,0,0,0,0,0,0,0,0,0,0,1,513.206504809984,514.21436870106,-1.14464432962774,1.14,514,513.639605560215,0.360394439785409,9,0.476190476190476,1.47619047619048,-1,39.4774686345308,36,0.9,44,0.7,0,0,0,0,0,0,0,0,0,"Ambiguous",42.9728047062934,0.00301756527439094
517.259437624946,28778.1246594611,8.36246666666667,"C32H36O6","O6","CHO",32,36,6,0,0,0,0,0,0,0,0,0,0,0,0,0,0,0,0,0,1,516.252161172786,517.25846533436,1.8833637106123,1.88,517,516.681861115913,0.318138884087375,15,0.1875,1.125,9,39.7116299140154,38,1,66,0.5,0,0,0,0,0,0,0,0,0,"Ambiguous",38.1651499633914,0.00267997008825878
517.259437624946,28778.1246594611,8.36246666666667,"C20H40N2O13","N2O13","CHNO",20,40,13,2,0,0,0,0,0,0,0,0,0,0,0,0,0,0,0,0,1,516.252161172786,517.26031583286,-1.70112201019895,1.7,517,516.681861115913,0.318138884087375,2,0.65,2,-11,39.7117722600538,35,0.9,42,1,0,0,0,0,0,0,0,0,0,"Ambiguous",38.1651499633914,0.00267997008825878
519.19983598081,29120.2229136184,5.86295,"C30H30O8","O8","CHO",30,30,8,0,0,0,0,0,0,0,0,0,0,0,0,0,0,0,0,0,1,518.19255952865,519.20134438756,-2.91090005398802,2.91,519,518.620092805638,0.379907194361635,16,0.266666666666667,1,8,39.8610821488769,38,1,62,0.5,0,0,0,0,0,0,0,0,0,"Ambiguous",38.6188359254416,0.00271182807411561
519.19983598081,29120.2229136184,5.86295,"C23H35O11P","O11P","CHOP",23,35,11,0,0,1,0,0,0,0,0,0,0,0,0,0,0,0,0,0,1,518.19255952865,519.19897490396,1.66169281020318,1.66,519,518.620092805638,0.379907194361635,7,0.478260869565217,1.52173913043478,-4,39.8608998809077,35,0.9,48,0.7,0,0,0,0,0,0,0,0,0,"Ambiguous",38.6188359254416,0.00271182807411561
523.230805863403,99530.3176782891,5.91585,"C24H35N4O7P","N4O7P","CHNOP",24,35,7,4,0,1,0,0,0,0,0,0,0,0,0,0,0,0,0,0,1,522.223529411243,523.23161244436,-1.54451286055472,1.54,523,522.646561671249,0.353438328751281,10,0.291666666666667,1.45833333333333,3,40.1711027686308,36,0.9,50,0.7,0,0,0,0,0,0,0,0,0,"Ambiguous",131.995727485567,0.00926878583678024
523.230805863403,99530.3176782891,5.91585,"C23H39O11P","O11P","CHOP",23,39,11,0,0,1,0,0,0,0,0,0,0,0,0,0,0,0,0,0,1,522.223529411243,523.23027503156,1.01648396300879,1.02,523,522.646561671249,0.353438328751281,5,0.478260869565217,1.69565217391304,-6,40.1709998907231,35,0.9,48,0.8,0,0,0,0,0,0,0,0,0,"Ambiguous",131.995727485567,0.00926878583678024
523.247884889822,20934.5983632898,6.63526666666667,"C34H34O5","O5","CHO",34,34,5,0,0,0,0,0,0,0,0,0,0,0,0,0,0,0,0,0,1,522.240608437662,523.24790064826,-0.0301746698453465,0.03,523,522.663621627075,0.33637837292531,18,0.147058823529412,1,13,40.1723557073923,39,1,70,0.5,0,0,0,0,0,0,0,0,0,"Ambiguous",27.7631741266244,0.00194953973155729
523.247884889822,20934.5983632898,6.63526666666667,"C28H35N4O4P","N4O4P","CHNOP",28,35,4,4,0,1,0,0,0,0,0,0,0,0,0,0,0,0,0,0,1,522.240608437662,523.24686857746,1.94606153891407,1.95,523,522.663621627075,0.33637837292531,14,0.142857142857143,1.25,10,40.1722763173308,37,0.9,58,0.6,0,0,0,0,0,0,0,0,0,"Ambiguous",27.7631741266244,0.00194953973155729
529.135481680679,47269.2254179797,3.90388333333333,"C26H24O12","O12","CHO",26,24,12,0,0,0,0,0,0,0,0,0,0,0,0,0,0,0,0,0,1,528.128205228519,529.13405268536,2.70577353112369,2.71,529,528.544644274757,0.455355725242725,15,0.461538461538462,0.923076923076923,3,40.6251366333231,38,0.9,54,0.4,0,0,0,0,0,0,0,0,0,"Ambiguous",62.6877914415265,0.00440195849154125
529.135481680679,47269.2254179797,3.90388333333333,"C16H35O13P3","O13P3","CHOP",16,35,13,0,0,3,0,0,0,0,0,0,0,0,0,0,0,0,0,0,1,528.128205228519,529.13632712856,-1.60083834358957,1.6,529,528.544644274757,0.455355725242725,1,0.8125,2.1875,-12,40.6253115904923,32,0.8,34,1,0,0,0,0,0,0,0,0,0,"Ambiguous",62.6877914415265,0.00440195849154125
529.154774504983,12836.2956450524,1.39568333333333,"C17H29N4O13P","N4O13P","CHNOP",17,29,13,4,0,1,0,0,0,0,0,0,0,0,0,0,0,0,0,0,1,528.147498052823,529.15414998676,1.1824693383882,1.18,529,528.563915556521,0.436084443478876,6,0.764705882352941,1.70588235294118,-7,40.6266825795846,35,0.9,36,0.8,0,0,0,0,0,0,0,0,0,"Ambiguous",17.0233173309573,0.00119538325654856
529.154774504983,12836.2956450524,1.39568333333333,"C23H28O14","O14","CHO",23,28,14,0,0,0,0,0,0,0,0,0,0,0,0,0,0,0,0,0,1,528.147498052823,529.15518205756,-0.771664315127931,0.77,529,528.563915556521,0.436084443478876,10,0.608695652173913,1.21739130434783,-4,40.6267619696462,37,0.9,48,0.6,0,0,0,0,0,0,0,0,0,"Ambiguous",17.0233173309573,0.00119538325654856
535.269628700763,426277.686702824,7.44906666666667,"C32H38O7","O7","CHO",32,38,7,0,0,0,0,0,0,0,0,0,0,0,0,0,0,0,0,0,1,534.262352248603,535.26903002046,1.12057362924508,1.12,535,534.671941851479,0.328058148520881,14,0.21875,1.1875,7,41.0970579667923,39,0.9,66,0.6,0,0,0,0,0,0,0,0,0,"Ambiguous",565.323558486716,0.0396972166593259
535.269628700763,426277.686702824,7.44906666666667,"C20H42N2O14","N2O14","CHNO",20,42,14,2,0,0,0,0,0,0,0,0,0,0,0,0,0,0,0,0,1,534.262352248603,535.27088051896,-2.34307768767766,2.34,535,534.671941851479,0.328058148520881,1,0.7,2.1,-13,41.0972003128308,36,0.9,42,1,0,0,0,0,0,0,0,0,0,"Ambiguous",565.323558486716,0.0396972166593259
535.270192442377,4654.46249518528,10.74735,"C32H38O7","O7","CHO",32,38,7,0,0,0,0,0,0,0,0,0,0,0,0,0,0,0,0,0,1,534.262915990217,535.26903002046,2.17574883469783,2.18,535,534.672504963614,0.32749503638604,14,0.21875,1.1875,7,41.0970579667923,39,0.9,66,0.6,0,0,0,0,0,0,0,0,0,"Ambiguous",6.17268363487079,0.000433447989110645
535.270192442377,4654.46249518528,10.74735,"C20H42N2O14","N2O14","CHNO",20,42,14,2,0,0,0,0,0,0,0,0,0,0,0,0,0,0,0,0,1,534.262915990217,535.27088051896,-1.28789882746183,1.29,535,534.672504963614,0.32749503638604,1,0.7,2.1,-13,41.0972003128308,36,0.9,42,1,0,0,0,0,0,0,0,0,0,"Ambiguous",6.17268363487079,0.000433447989110645
545.252172368445,23740.7664257773,9.57563333333333,"C33H36O7","O7","CHO",33,36,7,0,0,0,0,0,0,0,0,0,0,0,0,0,0,0,0,0,1,544.244895916285,545.25337995666,-2.2188324118416,2.22,545,544.643338921722,0.356661078278307,16,0.212121212121212,1.09090909090909,9,41.8650848849615,40,1,68,0.5,0,0,0,0,0,0,0,0,0,"Ambiguous",31.4846753083252,0.00221086483731331
545.252172368445,23740.7664257773,9.57563333333333,"C26H41O10P","O10P","CHOP",26,41,10,0,0,1,0,0,0,0,0,0,0,0,0,0,0,0,0,0,1,544.244895916285,545.25101047306,2.13487603403816,2.13,545,544.643338921722,0.356661078278307,7,0.384615384615385,1.57692307692308,-3,41.8649026169923,37,0.9,54,0.8,0,0,0,0,0,0,0,0,0,"Ambiguous",31.4846753083252,0.00221086483731331
549.122259965494,105761.142100551,5.71305,"C25H24O14","O14","CHO",25,24,14,0,0,0,0,0,0,0,0,0,0,0,0,0,0,0,0,0,1,548.114983513334,549.12388192996,-2.95916826770617,2.96,549,548.509105144386,0.490894855614101,14,0.56,0.96,0,42.1628158059846,39,0.9,52,0.5,0,0,0,0,0,0,0,0,0,"Ambiguous",140.258960454536,0.00984903292634744
549.122259965494,105761.142100551,5.71305,"C18H29O17P","O17P","CHOP",18,29,17,0,0,1,0,0,0,0,0,0,0,0,0,0,0,0,0,0,1,548.114983513334,549.12151244636,1.36379985257702,1.36,549,548.509105144386,0.490894855614101,5,0.944444444444444,1.61111111111111,-12,42.1626335380154,36,0.9,38,0.8,0,0,0,0,0,0,0,0,0,"Ambiguous",140.258960454536,0.00984903292634744
551.209654614975,33218.8938408369,4.03615,"C22H34N2O14","N2O14","CHNO",22,34,14,2,0,0,0,0,0,0,0,0,0,0,0,0,0,0,0,0,1,550.202378162815,551.20828026376,2.49790126318056,2.5,551,550.594168990354,0.405831009646022,7,0.636363636363636,1.54545454545455,-7,42.3231541393538,38,0.9,46,0.7,0,0,0,0,0,0,0,0,0,"Ambiguous",44.0544364879841,0.00309351783383907
551.209654614975,33218.8938408369,4.03615,"C20H39O15P","O15P","CHOP",20,39,15,0,0,1,0,0,0,0,0,0,0,0,0,0,0,0,0,0,1,550.202378162815,551.20993352076,-0.506914902034858,0.51,551,550.594168990354,0.405831009646022,2,0.75,1.95,-13,42.3232813129692,36,0.9,42,0.9,0,0,0,0,0,0,0,0,0,"Ambiguous",44.0544364879841,0.00309351783383907
553.153956266174,21215.946608971,3.58646666666667,"C19H29N4O13P","N4O13P","CHNOP",19,29,13,4,0,1,0,0,0,0,0,0,0,0,0,0,0,0,0,0,1,552.146679814014,553.15414998676,-0.350849860674775,0.35,553,552.53629961696,0.463700383040418,8,0.684210526315789,1.52631578947368,-5,42.4728364257385,37,0.9,40,0.7,0,0,0,0,0,0,0,0,0,"Ambiguous",28.1362942696297,0.00197574035761378
553.153956266174,21215.946608971,3.58646666666667,"C25H28O14","O14","CHO",25,28,14,0,0,0,0,0,0,0,0,0,0,0,0,0,0,0,0,0,1,552.146679814014,553.15518205756,-2.22004664786366,2.22,553,552.53629961696,0.463700383040418,12,0.56,1.12,-2,42.4729158158,39,0.9,52,0.5,0,0,0,0,0,0,0,0,0,"Ambiguous",28.1362942696297,0.00197574035761378
617.09258825316,5717.82369513085,6.54448333333333,"C19H24N2O21","N2O21","CHNO",19,24,21,2,0,0,0,0,0,0,0,0,0,0,0,0,0,0,0,0,1,616.085311801,617.09443230086,-2.9931693949047,2.99,617,616.403537156267,0.596462843732525,9,1.10526315789474,1.26315789473684,-12,47.3913196806692,42,0.9,40,0.6,0,0,0,0,0,0,0,0,0,"Ambiguous",7.58289851653551,0.000532473767982314
625.211293227184,127458.524135647,4.07403333333333,"C23H37N4O14P","N4O14P","CHNOP",23,37,14,4,0,1,0,0,0,0,0,0,0,0,0,0,0,0,0,0,1,624.204016775024,625.21166486426,-0.595377579233026,0.6,625,624.513176711788,0.486823288212122,8,0.608695652173913,1.60869565217391,-6,48.0157221855462,42,0.9,48,0.8,0,0,0,0,0,0,0,0,0,"Ambiguous",169.033727712006,0.0118696070789604
555.274544694803,52545.4818730141,5.48118333333333,"C35H38O6","O6","CHO",35,38,6,0,0,0,0,0,0,0,0,0,0,0,0,0,0,0,0,0,1,554.267268242643,555.27411539816,0.774530028386582,0.77,555,554.654520177604,0.345479822395532,17,0.171428571428571,1.08571428571429,11,42.6359106881538,41,1,72,0.5,0,0,0,0,0,0,0,0,0,"Ambiguous",69.6850896058284,0.00489331119936357
555.274544694803,52545.4818730141,5.48118333333333,"C23H42N2O13","N2O13","CHNO",23,42,13,2,0,0,0,0,0,0,0,0,0,0,0,0,0,0,0,0,1,554.267268242643,555.27596589666,-2.56410929955948,2.56,555,554.654520177604,0.345479822395532,4,0.565217391304348,1.82608695652174,-9,42.6360530341923,38,0.9,48,0.9,0,0,0,0,0,0,0,0,0,"Ambiguous",69.6850896058284,0.00489331119936357
559.144985937108,8091.15132357534,3.71871666666667,"C27H26O13","O13","CHO",27,26,13,0,0,0,0,0,0,0,0,0,0,0,0,0,0,0,0,0,1,558.137709484948,559.14461737146,0.660348945146017,0.66,559,558.520639650641,0.479360349359013,15,0.481481481481481,0.962962962962963,2,42.9336416091769,40,0.9,56,0.5,0,0,0,0,0,0,0,0,0,"Ambiguous",10.7303727152083,0.000753490499584327
559.144985937108,8091.15132357534,3.71871666666667,"C21H27N4O12P","N4O12P","CHNOP",21,27,12,4,0,1,0,0,0,0,0,0,0,0,0,0,0,0,0,0,1,558.137709484948,559.14358530066,2.50948184268445,2.51,559,558.520639650641,0.479360349359013,11,0.571428571428571,1.28571428571429,-1,42.9335622191154,38,0.9,44,0.6,0,0,0,0,0,0,0,0,0,"Ambiguous",10.7303727152083,0.000753490499584327
563.2079459759,273193.248884769,3.81571666666667,"C23H34N2O14","N2O14","CHNO",23,34,14,2,0,0,0,0,0,0,0,0,0,0,0,0,0,0,0,0,1,562.20066952374,563.20828026376,-0.594605943966029,0.59,563,562.579062951957,0.42093704804256,8,0.608695652173913,1.47826086956522,-6,43.2462310624308,39,0.9,48,0.7,0,0,0,0,0,0,0,0,0,"Ambiguous",362.305099309017,0.0254411899312111
563.2079459759,273193.248884769,3.81571666666667,"C25H41O8P3","O8P3","CHOP",25,41,8,0,0,3,0,0,0,0,0,0,0,0,0,0,0,0,0,0,1,562.20066952374,563.20870420846,-1.34868668958157,1.35,563,562.579062951957,0.42093704804256,7,0.32,1.64,-1,43.2462636735615,36,0.8,52,0.8,0,0,0,0,0,0,0,0,0,"Ambiguous",362.305099309017,0.0254411899312111
563.208005454008,267421.769935752,4.05378333333333,"C23H34N2O14","N2O14","CHNO",23,34,14,2,0,0,0,0,0,0,0,0,0,0,0,0,0,0,0,0,1,562.200729001848,563.20828026376,-0.488810735578382,0.49,563,562.579122363652,0.42087763634845,8,0.608695652173913,1.47826086956522,-6,43.2462310624308,39,0.9,48,0.7,0,0,0,0,0,0,0,0,0,"Ambiguous",354.651043938617,0.0249037195042319
563.208005454008,267421.769935752,4.05378333333333,"C25H41O8P3","O8P3","CHOP",25,41,8,0,0,3,0,0,0,0,0,0,0,0,0,0,0,0,0,0,1,562.200729001848,563.20870420846,-1.24289140141584,1.24,563,562.579122363652,0.42087763634845,7,0.32,1.64,-1,43.2462636735615,36,0.8,52,0.8,0,0,0,0,0,0,0,0,0,"Ambiguous",354.651043938617,0.0249037195042319
565.154887572647,6464593.34156932,3.89506666666667,"C20H29N4O13P","N4O13P","CHNOP",20,29,13,4,0,1,0,0,0,0,0,0,0,0,0,0,0,0,0,0,1,564.147611120487,565.15414998676,1.30743421151397,1.31,565,564.523830576324,0.476169423675742,9,0.65,1.45,-4,43.3959133488154,38,0.9,42,0.7,0,0,0,0,0,0,0,0,0,"Ambiguous",8573.25406894511,0.602016878902737
565.154887572647,6464593.34156932,3.89506666666667,"C26H28O14","O14","CHO",26,28,14,0,0,0,0,0,0,0,0,0,0,0,0,0,0,0,0,0,1,564.147611120487,565.15518205756,-0.521999751550253,0.52,565,564.523830576324,0.476169423675742,13,0.538461538461538,1.07692307692308,-1,43.3959927388769,40,0.9,54,0.5,0,0,0,0,0,0,0,0,0,"Ambiguous",8573.25406894511,0.602016878902737
575.262738710997,33147.9883751484,6.50921666666667,"C34H38O8","O8","CHO",34,38,8,0,0,0,0,0,0,0,0,0,0,0,0,0,0,0,0,0,1,574.255462258837,575.26394464276,-2.09999180105778,2.1,575,574.620395197794,0.37960480220579,16,0.235294117647059,1.11764705882353,8,44.1735898608154,42,1,70,0.5,0,0,0,0,0,0,0,0,0,"Ambiguous",43.9604026423723,0.00308691474453468
575.262738710997,33147.9883751484,6.50921666666667,"C27H43O11P","O11P","CHOP",27,43,11,0,0,1,0,0,0,0,0,0,0,0,0,0,0,0,0,0,1,574.255462258837,575.26157515916,2.02619202426851,2.03,575,574.620395197794,0.37960480220579,7,0.407407407407407,1.59259259259259,-4,44.1734075928462,39,0.9,56,0.8,0,0,0,0,0,0,0,0,0,"Ambiguous",43.9604026423723,0.00308691474453468
587.194594979691,46135.2788813232,7.99833333333333,"C32H31N2O7P","N2O7P","CHNOP",32,31,7,2,0,1,0,0,0,0,0,0,0,0,0,0,0,0,0,0,1,586.187318527531,587.19416430196,0.734710077955487,0.73,587,586.538928249183,0.461071750816586,19,0.21875,0.96875,12,45.0912990653692,42,0.9,66,0.5,0,0,0,0,0,0,0,0,0,"Ambiguous",61.1839672648619,0.00429635943545665
587.194594979691,46135.2788813232,7.99833333333333,"C20H35N4O14P","N4O14P","CHNOP",20,35,14,4,0,1,0,0,0,0,0,0,0,0,0,0,0,0,0,0,1,586.187318527531,587.19601480046,-2.42212808852477,2.42,587,586.538928249183,0.461071750816586,6,0.7,1.75,-8,45.0914414114077,39,0.9,42,0.8,0,0,0,0,0,0,0,0,0,"Ambiguous",61.1839672648619,0.00429635943545665
591.202782957328,13684.5902288191,5.66896666666667,"C28H36N2O8P2","N2O8P2","CHNOP",28,36,8,2,0,2,0,0,0,0,0,0,0,0,0,0,0,0,0,0,1,590.195506505168,591.20196557376,1.38493695601466,1.38,591,590.542640648318,0.457359351682157,13,0.285714285714286,1.28571428571429,5,45.3995914708923,40,0.9,58,0.6,0,0,0,0,0,0,0,0,0,"Ambiguous",18.1483138477802,0.00127438090276173
591.202782957328,13684.5902288191,5.66896666666667,"C24H34N2O15","N2O15","CHNO",24,34,15,2,0,0,0,0,0,0,0,0,0,0,0,0,0,0,0,0,1,590.195506505168,591.20319488606,-0.697953012536482,0.7,591,590.542640648318,0.457359351682157,9,0.625,1.41666666666667,-6,45.3996860333769,41,0.9,50,0.7,0,0,0,0,0,0,0,0,0,"Ambiguous",18.1483138477802,0.00127438090276173
591.332315192075,6353.27658127192,5.09323333333333,"C36H46O7","O7","CHO",36,46,7,0,0,0,0,0,0,0,0,0,0,0,0,0,0,0,0,0,1,590.325038739915,591.33163027566,1.16023608984342,1.16,591,590.672028246214,0.327971753786301,14,0.194444444444444,1.27777777777778,7,45.4095656787308,43,0.9,74,0.6,0,0,0,0,0,0,0,0,0,"Ambiguous",8.42562732465716,0.000591650477636183
591.332315192075,6353.27658127192,5.09323333333333,"C30H47N4O6P","N4O6P","CHNOP",30,47,6,4,0,1,0,0,0,0,0,0,0,0,0,0,0,0,0,0,1,590.325038739915,591.33059820486,2.90854546558731,2.91,591,590.672028246214,0.327971753786301,10,0.2,1.56666666666667,4,45.4094862886692,41,0.9,62,0.8,0,0,0,0,0,0,0,0,0,"Ambiguous",8.42562732465716,0.000591650477636183
591.332315192075,6353.27658127192,5.09323333333333,"C24H50N2O14","N2O14","CHNO",24,50,14,2,0,0,0,0,0,0,0,0,0,0,0,0,0,0,0,0,1,590.325038739915,591.33348077416,-1.97447509214899,1.97,591,590.672028246214,0.327971753786301,1,0.583333333333333,2.08333333333333,-13,45.4097080247692,40,0.9,50,1,0,0,0,0,0,0,0,0,0,"Ambiguous",8.42562732465716,0.000591650477636183
593.325539917445,89669.1542787475,11.0647666666667,"C39H44O5","O5","CHO",39,44,5,0,0,0,0,0,0,0,0,0,0,0,0,0,0,0,0,0,1,592.318263465285,593.32615096726,-1.03162413357419,1.03,593,592.663027319049,0.336972680951362,18,0.128205128205128,1.12820512820513,13,45.5629903473154,44,1,80,0.6,0,0,0,0,0,0,0,0,0,"Ambiguous",118.917989293433,0.00835046251797721
593.325539917445,89669.1542787475,11.0647666666667,"C33H45N4O4P","N4O4P","CHNOP",33,45,4,4,0,1,0,0,0,0,0,0,0,0,0,0,0,0,0,0,1,592.318263465285,593.32511889646,0.710801963381468,0.71,593,592.663027319049,0.336972680951362,14,0.121212121212121,1.36363636363636,10,45.5629109572538,42,0.9,68,0.7,0,0,0,0,0,0,0,0,0,"Ambiguous",118.917989293433,0.00835046251797721
593.32578889323,4542.82821245426,12.4304,"C39H44O5","O5","CHO",39,44,5,0,0,0,0,0,0,0,0,0,0,0,0,0,0,0,0,0,1,592.31851244107,593.32615096726,-0.61128264996516,0.61,593,592.663276016826,0.336723983174466,18,0.128205128205128,1.12820512820513,13,45.5629903473154,44,1,80,0.6,0,0,0,0,0,0,0,0,0,"Ambiguous",6.02463579673328,0.000423052018487695
593.32578889323,4542.82821245426,12.4304,"C33H45N4O4P","N4O4P","CHNOP",33,45,4,4,0,1,0,0,0,0,0,0,0,0,0,0,0,0,0,0,1,592.31851244107,593.32511889646,1.13114271457728,1.13,593,592.663276016826,0.336723983174466,14,0.121212121212121,1.36363636363636,10,45.5629109572538,42,0.9,68,0.7,0,0,0,0,0,0,0,0,0,"Ambiguous",6.02463579673328,0.000423052018487695
595.183718980712,19860.0958293395,10.9766,"C30H31N2O9P","N2O9P","CHNOP",30,31,9,2,0,1,0,0,0,0,0,0,0,0,0,0,0,0,0,0,1,594.176442528552,595.18399354656,-0.462094806152749,0.46,595,594.519131522974,0.480868477026206,17,0.3,1.03333333333333,8,45.7059013149538,42,0.9,62,0.5,0,0,0,0,0,0,0,0,0,"Ambiguous",26.3381837622584,0.00184947641315762
595.183718980712,19860.0958293395,10.9766,"C21H41O13P3","O13P3","CHOP",21,41,13,0,0,3,0,0,0,0,0,0,0,0,0,0,0,0,0,0,1,594.176442528552,595.18327731996,0.743315824063138,0.74,595,594.519131522974,0.480868477026206,3,0.619047619047619,1.95238095238095,-10,45.7058462206,37,0.8,44,0.9,0,0,0,0,0,0,0,0,0,"Ambiguous",26.3381837622584,0.00184947641315762
595.188293744584,19786.0480342576,6.43866666666667,"C25H30N4O13","N4O13","CHNO",25,30,13,4,0,0,0,0,0,0,0,0,0,0,0,0,0,0,0,0,1,594.181017292424,595.18821352866,0.135002501397332,0.14,595,594.523701178623,0.476298821376872,13,0.52,1.2,0,45.7062259289615,42,0.9,52,0.6,0,0,0,0,0,0,0,0,0,"Ambiguous",26.2399826029681,0.00184258069363908
595.188293744584,19786.0480342576,6.43866666666667,"C24H34O17","O17","CHO",24,34,17,0,0,0,0,0,0,0,0,0,0,0,0,0,0,0,0,0,1,594.181017292424,595.18687611586,2.38585327092657,2.39,595,594.523701178623,0.476298821376872,8,0.708333333333333,1.41666666666667,-9,45.7061230510538,41,0.9,50,0.7,0,0,0,0,0,0,0,0,0,"Ambiguous",26.2399826029681,0.00184258069363908
595.341423770609,72817.3023683712,10.7385333333333,"C33H47N4O4P","N4O4P","CHNOP",33,47,4,4,0,1,0,0,0,0,0,0,0,0,0,0,0,0,0,0,1,594.334147318449,595.34076896026,1.10175454606889,1.1,595,594.676660218293,0.32333978170675,13,0.121212121212121,1.42424242424242,9,45.7179609621615,42,0.9,68,0.7,0,0,0,0,0,0,0,0,0,"Ambiguous",96.5692969122938,0.00678112957547334
595.341423770609,72817.3023683712,10.7385333333333,"C39H46O5","O5","CHO",39,46,5,0,0,0,0,0,0,0,0,0,0,0,0,0,0,0,0,0,1,594.334147318449,595.34180103106,-0.634761527819189,0.63,595,594.676660218293,0.32333978170675,17,0.128205128205128,1.17948717948718,12,45.7180403522231,44,1,80,0.6,0,0,0,0,0,0,0,0,0,"Ambiguous",96.5692969122938,0.00678112957547334
599.196561299053,388185.890561608,4.25036666666667,"C21H35N4O14P","N4O14P","CHNOP",21,35,14,4,0,1,0,0,0,0,0,0,0,0,0,0,0,0,0,0,1,598.189284846893,599.19601480046,0.913588067829052,0.91,599,598.527493065733,0.47250693426713,7,0.666666666666667,1.66666666666667,-7,46.0145183344846,40,0.9,44,0.8,0,0,0,0,0,0,0,0,0,"Ambiguous",514.806746522511,0.0361499085746433
599.196561299053,388185.890561608,4.25036666666667,"C27H34O15","O15","CHO",27,34,15,0,0,0,0,0,0,0,0,0,0,0,0,0,0,0,0,0,1,598.189284846893,599.19704687126,-0.811736718527184,0.81,599,598.527493065733,0.47250693426713,11,0.555555555555556,1.25925925925926,-4,46.0145977245462,42,0.9,56,0.6,0,0,0,0,0,0,0,0,0,"Ambiguous",514.806746522511,0.0361499085746433
679.1906860575,20560.0601076607,4.1622,"C37H30N2O11","N2O11","CHNO",37,30,11,2,0,0,0,0,0,0,0,0,0,0,0,0,0,0,0,0,1,678.18340960534,679.19223626926,-2.28582967140704,2.29,679,678.43229566984,0.567704330159813,24,0.297297297297297,0.810810810810811,13,52.1680738320846,50,1,76,0.4,0,0,0,0,0,0,0,0,0,"Ambiguous",27.2664666843481,0.00191466076241415
679.1906860575,20560.0601076607,4.1622,"C28H40O15P2","O15P2","CHOP",28,40,15,0,0,2,0,0,0,0,0,0,0,0,0,0,0,0,0,0,1,678.18340960534,679.19152004266,-1.22973394582069,1.23,679,678.43229566984,0.567704330159813,10,0.535714285714286,1.42857142857143,-5,52.1680187377308,45,0.9,58,0.7,0,0,0,0,0,0,0,0,0,"Ambiguous",27.2664666843481,0.00191466076241415
611.337144844629,19531.2119119599,12.0134,"C39H46O6","O6","CHO",39,46,6,0,0,0,0,0,0,0,0,0,0,0,0,0,0,0,0,0,1,610.329868392469,611.33671565336,0.703211969563817,0.7,611,610.654520327263,0.345479672737042,17,0.153846153846154,1.17948717948718,11,46.9484184000923,45,1,80,0.6,0,0,0,0,0,0,0,0,0,"Ambiguous",25.9020224704484,0.00181884901573278
611.337144844629,19531.2119119599,12.0134,"C27H50N2O13","N2O13","CHNO",27,50,13,2,0,0,0,0,0,0,0,0,0,0,0,0,0,0,0,0,1,610.329868392469,611.33856615186,-2.32875253994934,2.33,611,610.654520327263,0.345479672737042,4,0.481481481481481,1.85185185185185,-9,46.9485607461308,42,0.9,56,0.9,0,0,0,0,0,0,0,0,0,"Ambiguous",25.9020224704484,0.00181884901573278
613.279796010548,90172.7921108456,8.24783333333333,"C31H41N4O7P","N4O7P","CHNOP",31,41,7,4,0,1,0,0,0,0,0,0,0,0,0,0,0,0,0,0,1,612.272519558388,613.27856263576,2.01442127190742,2.01,613,612.595002311535,0.40499768846496,14,0.225806451612903,1.32258064516129,7,47.0977912448923,43,0.9,64,0.6,0,0,0,0,0,0,0,0,0,"Ambiguous",119.585906804276,0.00839736391761009
613.279796010548,90172.7921108456,8.24783333333333,"C37H40O8","O8","CHO",37,40,8,0,0,0,0,0,0,0,0,0,0,0,0,0,0,0,0,0,1,612.272519558388,613.27959470656,0.328781679878283,0.33,613,612.595002311535,0.40499768846496,18,0.216216216216216,1.08108108108108,10,47.0978706349538,45,1,76,0.5,0,0,0,0,0,0,0,0,0,"Ambiguous",119.585906804276,0.00839736391761009
617.09258825316,5717.82369513085,6.54448333333333,"C31H20O14","O14","CHO",31,20,14,0,0,0,0,0,0,0,0,0,0,0,0,0,0,0,0,0,1,616.085311801,617.09258180236,0.0104706280204516,0.01,617,616.403537156267,0.596462843732525,22,0.451612903225806,0.645161290322581,8,47.3911773346308,45,0.9,64,0.3,0,0,0,0,0,0,0,0,0,"Ambiguous",7.58289851653551,0.000532473767982314
689.150393116674,13062.7284862028,6.88215,"C23H32N2O22","N2O22","CHNO",23,32,22,2,0,0,0,0,0,0,0,0,0,0,0,0,0,0,0,0,1,688.143116664514,689.15194717836,-2.25834081327525,2.26,689,688.380881631137,0.619118368863496,9,0.956521739130435,1.39130434782609,-13,52.9342054404769,47,0.9,48,0.7,0,0,0,0,0,0,0,0,0,"Ambiguous",17.3236094257829,0.00121646987176283
689.151049012869,6050.01355025969,7.22865,"C35H28O15","O15","CHO",35,28,15,0,0,0,0,0,0,0,0,0,0,0,0,0,0,0,0,0,1,688.143772560709,689.15009667986,1.38391575543917,1.38,689,688.381536794952,0.618463205048442,22,0.428571428571429,0.8,7,52.9340630944385,50,0.9,72,0.4,0,0,0,0,0,0,0,0,0,"Ambiguous",8.02344409715733,0.000563409031690529
625.211293227184,127458.524135647,4.07403333333333,"C29H36O15","O15","CHO",29,36,15,0,0,0,0,0,0,0,0,0,0,0,0,0,0,0,0,0,1,624.204016775024,625.21269693506,-2.24879660927645,2.25,625,624.513176711788,0.486823288212122,12,0.517241379310345,1.24137931034483,-3,48.0158015756077,44,0.9,60,0.6,0,0,0,0,0,0,0,0,0,"Ambiguous",169.033727712006,0.0118696070789604
625.317069702245,19212.5358135966,10.9413333333333,"C39H44O7","O7","CHO",39,44,7,0,0,0,0,0,0,0,0,0,0,0,0,0,0,0,0,0,1,624.309793250085,625.31598021186,1.74511179665874,1.75,625,624.618835075892,0.381164924107793,18,0.179487179487179,1.12820512820513,11,48.0237464430538,46,1,80,0.6,0,0,0,0,0,0,0,0,0,"Ambiguous",25.4793986467037,0.00178917222401815
625.317069702245,19212.5358135966,10.9413333333333,"C27H48N2O14","N2O14","CHNO",27,48,14,2,0,0,0,0,0,0,0,0,0,0,0,0,0,0,0,0,1,624.309793250085,625.31783071036,-1.21895911824445,1.22,625,624.618835075892,0.381164924107793,5,0.518518518518518,1.77777777777778,-9,48.0238887890923,43,0.9,56,0.9,0,0,0,0,0,0,0,0,0,"Ambiguous",25.4793986467037,0.00178917222401815
627.235733650703,12078.1358952942,9.71933333333333,"C33H39O10P","O10P","CHOP",33,39,10,0,0,1,0,0,0,0,0,0,0,0,0,0,0,0,0,0,1,626.228457198543,627.23536040926,0.596014822994794,0.6,627,626.535356627045,0.464643372955038,15,0.303030303030303,1.18181818181818,5,48.1713910736231,44,0.9,68,0.6,0,0,0,0,0,0,0,0,0,"Ambiguous",16.0178563814295,0.00112477943939518
627.235733650703,12078.1358952942,9.71933333333333,"C23H38N4O16","N4O16","CHNO",23,38,16,4,0,0,0,0,0,0,0,0,0,0,0,0,0,0,0,0,1,626.228457198543,627.23555765076,0.281047501345298,0.28,627,626.535356627045,0.464643372955038,7,0.695652173913043,1.65217391304348,-9,48.1714062460461,43,0.9,48,0.8,0,0,0,0,0,0,0,0,0,"Ambiguous",16.0178563814295,0.00112477943939518
629.346605710182,9033.34161180123,9.97503333333333,"C32H53O10P","O10P","CHOP",32,53,10,0,0,1,0,0,0,0,0,0,0,0,0,0,0,0,0,0,1,628.339329258022,629.34491085586,2.69735514400401,2.7,629,628.643871667925,0.3561283320754,7,0.3125,1.65625,-3,48.3336641849,43,0.9,66,0.8,0,0,0,0,0,0,0,0,0,"Ambiguous",11.97989241358,0.000841232206862781
629.346605710182,9033.34161180123,9.97503333333333,"C33H49N4O6P","N4O6P","CHNOP",33,49,6,4,0,1,0,0,0,0,0,0,0,0,0,0,0,0,0,0,1,628.339329258022,629.34624826866,0.568867020432432,0.57,629,628.643871667925,0.3561283320754,12,0.181818181818182,1.48484848484848,6,48.3337670628077,44,0.9,68,0.7,0,0,0,0,0,0,0,0,0,"Ambiguous",11.97989241358,0.000841232206862781
629.346784595955,7364.04889286451,8.6913,"C33H49N4O6P","N4O6P","CHNOP",33,49,6,4,0,1,0,0,0,0,0,0,0,0,0,0,0,0,0,0,1,628.339508143795,629.34624826866,0.853562903902902,0.85,629,628.644050353952,0.355949646047748,12,0.181818181818182,1.48484848484848,6,48.3337670628077,44,0.9,68,0.7,0,0,0,0,0,0,0,0,0,"Ambiguous",9.76609955164407,0.000685778903069136
629.346784595955,7364.04889286451,8.6913,"C32H53O10P","O10P","CHOP",32,53,10,0,0,1,0,0,0,0,0,0,0,0,0,0,0,0,0,0,1,628.339508143795,629.34491085586,2.98205042150233,2.98,629,628.644050353952,0.355949646047748,7,0.3125,1.65625,-3,48.3336641849,43,0.9,66,0.8,0,0,0,0,0,0,0,0,0,"Ambiguous",9.76609955164407,0.000685778903069136
629.348077683301,4794.094476165,10.1628,"C39H48O7","O7","CHO",39,48,7,0,0,0,0,0,0,0,0,0,0,0,0,0,0,0,0,0,1,628.340801231141,629.34728033946,1.26896715758274,1.27,629,628.645341997425,0.354658002575206,16,0.179487179487179,1.23076923076923,9,48.3338464528692,46,1,80,0.6,0,0,0,0,0,0,0,0,0,"Ambiguous",6.35786163228503,0.000446451252416302
629.348077683301,4794.094476165,10.1628,"C27H52N2O14","N2O14","CHNO",27,52,14,2,0,0,0,0,0,0,0,0,0,0,0,0,0,0,0,0,1,628.340801231141,629.34913083796,-1.67608829072816,1.68,629,628.645341997425,0.354658002575206,3,0.518518518518518,1.92592592592593,-11,48.3339887989077,43,0.9,56,0.9,0,0,0,0,0,0,0,0,0,"Ambiguous",6.35786163228503,0.000446451252416302
631.254478265488,12757.1001431527,8.22138333333333,"C36H38O10","O10","CHO",36,38,10,0,0,0,0,0,0,0,0,0,0,0,0,0,0,0,0,0,1,630.247201813328,631.25377388736,1.11762198425512,1.12,631,630.549613875692,0.450386124308466,18,0.277777777777778,1.05555555555556,8,48.4804998027077,46,0.9,74,0.5,0,0,0,0,0,0,0,0,0,"Ambiguous",16.9182893542495,0.00118800815553946
631.254478265488,12757.1001431527,8.22138333333333,"C30H39N4O9P","N4O9P","CHNOP",30,39,9,4,0,1,0,0,0,0,0,0,0,0,0,0,0,0,0,0,1,630.247201813328,631.25274181656,2.75518704937499,2.76,631,630.549613875692,0.450386124308466,14,0.3,1.3,5,48.4804204126461,44,0.9,62,0.6,0,0,0,0,0,0,0,0,0,"Ambiguous",16.9182893542495,0.00118800815553946
631.254478265488,12757.1001431527,8.22138333333333,"C24H42N2O17","N2O17","CHNO",24,42,17,2,0,0,0,0,0,0,0,0,0,0,0,0,0,0,0,0,1,630.247201813328,631.25562438586,-1.8185251255418,1.82,631,630.549613875692,0.450386124308466,5,0.708333333333333,1.75,-12,48.4806421487462,43,0.9,50,0.8,0,0,0,0,0,0,0,0,0,"Ambiguous",16.9182893542495,0.00118800815553946
641.221250715947,224276.988464387,4.32971666666667,"C27H37N4O12P","N4O12P","CHNOP",27,37,12,4,0,1,0,0,0,0,0,0,0,0,0,0,0,0,0,0,1,640.213974263787,641.22183561966,-0.913606601700774,0.91,641,640.505257338993,0.494742661007422,12,0.444444444444444,1.37037037037037,0,49.2472737821154,44,0.9,56,0.7,0,0,0,0,0,0,0,0,0,"Ambiguous",297.433032880657,0.0208858508913198
641.221250715947,224276.988464387,4.32971666666667,"C26H41O16P","O16P","CHOP",26,41,16,0,0,1,0,0,0,0,0,0,0,0,0,0,0,0,0,0,1,640.213974263787,641.22049820686,1.17540246973755,1.18,641,640.505257338993,0.494742661007422,7,0.615384615384615,1.57692307692308,-9,49.2471709042077,43,0.9,54,0.8,0,0,0,0,0,0,0,0,0,"Ambiguous",297.433032880657,0.0208858508913198
647.103239759175,4555.5614359767,6.20943333333333,"C32H22O15","O15","CHO",32,22,15,0,0,0,0,0,0,0,0,0,0,0,0,0,0,0,0,0,1,646.095963307015,647.10314648846,0.144360467827315,0.14,647,646.380678500709,0.619321499291345,22,0.46875,0.6875,7,49.6996823104846,47,0.9,66,0.3,0,0,0,0,0,0,0,0,0,"Ambiguous",6.04152242124415,0.000424237803126933
647.103239759175,4555.5614359767,6.20943333333333,"C20H26N2O22","N2O22","CHNO",20,26,22,2,0,0,0,0,0,0,0,0,0,0,0,0,0,0,0,0,1,646.095963307015,647.10499698696,-2.71976282833151,2.72,647,646.380678500709,0.619321499291345,9,1.1,1.3,-13,49.6998246565231,44,0.9,42,0.6,0,0,0,0,0,0,0,0,0,"Ambiguous",6.04152242124415,0.000424237803126933
651.328830391842,17229.4551896385,10.6503666666667,"C36H46N2O9","N2O9","CHNO",36,46,9,2,0,0,0,0,0,0,0,0,0,0,0,0,0,0,0,0,1,650.321553939682,651.32760753506,1.88038790144709,1.88,651,650.601550801125,0.398449198874914,15,0.25,1.27777777777778,6,50.0246408525308,47,0.9,74,0.6,0,0,0,0,0,0,0,0,0,"Ambiguous",22.8494646152665,0.0016044973427428
651.328830391842,17229.4551896385,10.6503666666667,"C34H51O10P","O10P","CHOP",34,51,10,0,0,1,0,0,0,0,0,0,0,0,0,0,0,0,0,0,1,650.321553939682,651.32926079206,-0.661826776857935,0.66,651,650.601550801125,0.398449198874914,10,0.294117647058824,1.5,0,50.0247680261462,45,0.9,70,0.7,0,0,0,0,0,0,0,0,0,"Ambiguous",22.8494646152665,0.0016044973427428
653.239701888621,11390.3262978143,9.15241666666667,"C38H36O10","O10","CHO",38,36,10,0,0,0,0,0,0,0,0,0,0,0,0,0,0,0,0,0,1,652.232425436461,653.23812382356,2.41948268668721,2.42,653,652.51028860172,0.489711398280292,21,0.263157894736842,0.947368421052632,11,50.1716036439538,48,1,78,0.5,0,0,0,0,0,0,0,0,0,"Ambiguous",15.1056928285675,0.00106072699784536
653.239701888621,11390.3262978143,9.15241666666667,"C26H40N2O17","N2O17","CHNO",26,40,17,2,0,0,0,0,0,0,0,0,0,0,0,0,0,0,0,0,1,652.232425436461,653.23997432206,-0.417693798270853,0.42,653,652.51028860172,0.489711398280292,8,0.653846153846154,1.53846153846154,-9,50.1717459899923,45,0.9,54,0.7,0,0,0,0,0,0,0,0,0,"Ambiguous",15.1056928285675,0.00106072699784536
653.239701888621,11390.3262978143,9.15241666666667,"C28H47O11P3","O11P3","CHOP",28,47,11,0,0,3,0,0,0,0,0,0,0,0,0,0,0,0,0,0,1,652.232425436461,653.24039826676,-1.06768402171403,1.07,653,652.51028860172,0.489711398280292,7,0.392857142857143,1.67857142857143,-4,50.1717786011231,42,0.8,58,0.8,0,0,0,0,0,0,0,0,0,"Ambiguous",15.1056928285675,0.00106072699784536
655.294914575122,8578.85005179109,8.8412,"C26H47N4O13P","N4O13P","CHNOP",26,47,13,4,0,1,0,0,0,0,0,0,0,0,0,0,0,0,0,0,1,654.287638122962,655.29500056096,-0.131419016004644,0.13,655,654.563206419375,0.436793580624908,6,0.5,1.80769230769231,-7,50.3298249314462,44,0.9,54,0.9,0,0,0,0,0,0,0,0,0,"Ambiguous",11.3771520074507,0.000798907566164111
655.294914575122,8578.85005179109,8.8412,"C32H46O14","O14","CHO",32,46,14,0,0,0,0,0,0,0,0,0,0,0,0,0,0,0,0,0,1,654.287638122962,655.29603263176,-1.70881516386126,1.71,655,654.563206419375,0.436793580624908,10,0.4375,1.4375,-4,50.3299043215077,46,0.9,66,0.7,0,0,0,0,0,0,0,0,0,"Ambiguous",11.3771520074507,0.000798907566164111
661.118808676714,84312.6299778464,6.91743333333333,"C33H24O15","O15","CHO",33,24,15,0,0,0,0,0,0,0,0,0,0,0,0,0,0,0,0,0,1,660.111532224554,661.11879655226,0.0183672804385325,0.02,661,660.380597508784,0.619402491215851,22,0.454545454545455,0.727272727272727,7,50.7778092384692,48,0.9,68,0.4,0,0,0,0,0,0,0,0,0,"Ambiguous",111.814241024721,0.00785163484684448
661.118808676714,84312.6299778464,6.91743333333333,"C21H28N2O22","N2O22","CHNO",21,28,22,2,0,0,0,0,0,0,0,0,0,0,0,0,0,0,0,0,1,660.111532224554,661.12064705076,-2.78494459886162,2.78,661,660.380597508784,0.619402491215851,9,1.04761904761905,1.33333333333333,-13,50.7779515845077,45,0.9,44,0.6,0,0,0,0,0,0,0,0,0,"Ambiguous",111.814241024721,0.00785163484684448
661.301823457016,44599.7848213336,8.71776666666667,"C38H44O10","O10","CHO",38,44,10,0,0,0,0,0,0,0,0,0,0,0,0,0,0,0,0,0,1,660.294547004856,661.30072407876,1.66498157618274,1.66,661,660.563407933147,0.43659206685254,17,0.263157894736842,1.15789473684211,7,50.7918036635846,48,0.9,78,0.6,0,0,0,0,0,0,0,0,0,"Ambiguous",59.1476163295297,0.00415336616538899
661.301823457016,44599.7848213336,8.71776666666667,"C28H55O11P3","O11P3","CHOP",28,55,11,0,0,3,0,0,0,0,0,0,0,0,0,0,0,0,0,0,1,660.294547004856,661.30299852196,-1.77960722183956,1.78,661,660.563407933147,0.43659206685254,3,0.392857142857143,1.96428571428571,-8,50.7919786207539,42,0.8,58,0.9,0,0,0,0,0,0,0,0,0,"Ambiguous",59.1476163295297,0.00415336616538899
668.620417878425,61621.8809157543,12.7416166666667,"C42H77N5O","N5O","CHNO",42,77,1,5,0,0,0,0,0,0,0,0,0,0,0,0,0,0,0,0,1,667.613141426265,668.62008856776,0.49326570193152,0.49,668,667.873830346644,0.126169653355532,7,0.0238095238095238,1.83333333333333,6,51.3548317012,48,0.9,86,0.9,0,0,0,0,0,0,0,0,0,"Ambiguous",81.7220841874013,0.00573855314029899
668.620417878425,61621.8809157543,12.7416166666667,"C41H81NO5","NO5","CHNO",41,81,5,1,0,0,0,0,0,0,0,0,0,0,0,0,0,0,0,0,1,667.613141426265,668.61875115496,2.49654082793506,2.5,668,667.873830346644,0.126169653355532,2,0.121951219512195,1.97560975609756,-3,51.3547288232923,47,0.9,84,1,0,0,0,0,0,0,0,0,0,"Ambiguous",81.7220841874013,0.00573855314029899
695.217664357843,16142.0027930354,8.19493333333333,"C32H38O17","O17","CHO",32,38,17,0,0,0,0,0,0,0,0,0,0,0,0,0,0,0,0,0,1,694.210387905683,695.21817624346,-0.737363810809013,0.74,695,694.441378103035,0.558621896965178,14,0.53125,1.1875,-3,53.4008384454846,49,0.9,66,0.6,0,0,0,0,0,0,0,0,0,"Ambiguous",21.4073003225783,0.00150322806513045
703.166479550643,6718.96877491051,7.35208333333333,"C36H30O15","O15","CHO",36,30,15,0,0,0,0,0,0,0,0,0,0,0,0,0,0,0,0,0,1,702.159203098483,703.16574674366,1.04364790763071,1.04,703,702.381317577779,0.618682422220672,22,0.416666666666667,0.833333333333333,7,54.0121900224231,51,0.9,74,0.4,0,0,0,0,0,0,0,0,0,"Ambiguous",8.91060324215739,0.000625705655034233
683.357633803174,7131.02915477595,11.9516833333333,"C36H51N4O7P","N4O7P","CHNOP",36,51,7,4,0,1,0,0,0,0,0,0,0,0,0,0,0,0,0,0,1,682.350357351014,683.35681295476,1.20297205788644,1.2,683,682.594590564436,0.405409435564479,14,0.194444444444444,1.41666666666667,7,52.4884258848154,48,0.9,74,0.7,0,0,0,0,0,0,0,0,0,"Ambiguous",9.45707200541526,0.000664078881422801
683.357633803174,7131.02915477595,11.9516833333333,"C42H50O8","O8","CHO",42,50,8,0,0,0,0,0,0,0,0,0,0,0,0,0,0,0,0,0,1,682.350357351014,683.35784502556,-0.309551221169234,0.31,683,682.594590564436,0.405409435564479,18,0.19047619047619,1.19047619047619,10,52.4885052748769,50,1,86,0.6,0,0,0,0,0,0,0,0,0,"Ambiguous",9.45707200541526,0.000664078881422801
683.43001833783,50113.3158840264,9.19651666666667,"C38H59N4O5P","N4O5P","CHNOP",38,59,5,4,0,1,0,0,0,0,0,0,0,0,0,0,0,0,0,0,1,682.42274188567,683.42958396536,0.636515232950752,0.64,683,682.666894273874,0.333105726125723,12,0.131578947368421,1.55263157894737,7,52.4940236548615,48,0.9,78,0.8,0,0,0,0,0,0,0,0,0,"Ambiguous",66.4595847890975,0.0046668151306552
683.43001833783,50113.3158840264,9.19651666666667,"C37H63O9P","O9P","CHOP",37,63,9,0,0,1,0,0,0,0,0,0,0,0,0,0,0,0,0,0,1,682.42274188567,683.42824655256,2.59631627404264,2.6,683,682.666894273874,0.333105726125723,7,0.243243243243243,1.7027027027027,-2,52.4939207769538,47,0.9,76,0.8,0,0,0,0,0,0,0,0,0,"Ambiguous",66.4595847890975,0.0046668151306552
689.150393116674,13062.7284862028,6.88215,"C35H28O15","O15","CHO",35,28,15,0,0,0,0,0,0,0,0,0,0,0,0,0,0,0,0,0,1,688.143116664514,689.15009667986,0.43077785279182,0.43,689,688.380881631137,0.619118368863496,22,0.428571428571429,0.8,7,52.9340630944385,50,0.9,72,0.4,0,0,0,0,0,0,0,0,0,"Ambiguous",17.3236094257829,0.00121646987176283
735.287589602806,34251.6031115851,4.80846666666667,"C37H42N4O12","N4O12","CHNO",37,42,12,4,0,0,0,0,0,0,0,0,0,0,0,0,0,0,0,0,1,734.280313150646,735.28719928916,0.531559459593772,0.53,735,734.466560911502,0.533439088498312,19,0.324324324324324,1.13513513513514,7,56.4830709874615,53,0.9,76,0.6,0,0,0,0,0,0,0,0,0,"Ambiguous",45.4240012060844,0.00318968914410417
735.287589602806,34251.6031115851,4.80846666666667,"C28H52N2O16P2","N2O16P2","CHNOP",28,52,16,2,0,2,0,0,0,0,0,0,0,0,0,0,0,0,0,0,1,734.280313150646,735.28648306256,1.50697250976927,1.51,735,734.466560911502,0.533439088498312,5,0.571428571428571,1.85714285714286,-11,56.4830158931077,48,0.8,58,0.9,0,0,0,0,0,0,0,0,0,"Ambiguous",45.4240012060844,0.00318968914410417
689.151049012869,6050.01355025969,7.22865,"C23H32N2O22","N2O22","CHNO",23,32,22,2,0,0,0,0,0,0,0,0,0,0,0,0,0,0,0,0,1,688.143772560709,689.15194717836,-1.30520034752588,1.31,689,688.381536794952,0.618463205048442,9,0.956521739130435,1.39130434782609,-13,52.9342054404769,47,0.9,48,0.7,0,0,0,0,0,0,0,0,0,"Ambiguous",8.02344409715733,0.000563409031690529
689.260113836984,9473.44312113819,7.24628333333333,"C38H40O12","O12","CHO",38,40,12,0,0,0,0,0,0,0,0,0,0,0,0,0,0,0,0,0,1,688.252837384824,689.25925319576,1.25047246807116,1.25,689,688.49047983631,0.509520163689899,19,0.315789473684211,1.05263157894737,7,52.9424597495077,50,0.9,78,0.5,0,0,0,0,0,0,0,0,0,"Ambiguous",12.5635489340002,0.000882216770477591
689.260113836984,9473.44312113819,7.24628333333333,"C26H44N2O19","N2O19","CHNO",26,44,19,2,0,0,0,0,0,0,0,0,0,0,0,0,0,0,0,0,1,688.252837384824,689.26110369426,-1.43821750100067,1.44,689,688.49047983631,0.509520163689899,6,0.730769230769231,1.69230769230769,-13,52.9426020955462,47,0.9,54,0.8,0,0,0,0,0,0,0,0,0,"Ambiguous",12.5635489340002,0.000882216770477591
695.217664357843,16142.0027930354,8.19493333333333,"C26H39N4O16P","N4O16P","CHNOP",26,39,16,4,0,1,0,0,0,0,0,0,0,0,0,0,0,0,0,0,1,694.210387905683,695.21714417266,0.749319215056734,0.75,695,694.441378103035,0.558621896965178,10,0.615384615384615,1.5,-6,53.4007590554231,47,0.9,54,0.7,0,0,0,0,0,0,0,0,0,"Ambiguous",21.4073003225783,0.00150322806513045
785.280054183298,14742.270288435,7.45788333333333,"C43H44O14","O14","CHO",43,44,14,0,0,0,0,0,0,0,0,0,0,0,0,0,0,0,0,0,1,784.272777731138,785.28038256796,-0.418712304488756,0.42,785,784.403203459431,0.596796540569358,22,0.325581395348837,1.02325581395349,8,60.3287004704462,57,0.9,88,0.5,0,0,0,0,0,0,0,0,0,"Ambiguous",19.5509944798991,0.00137287762401304
785.280054183298,14742.270288435,7.45788333333333,"C31H48N2O21","N2O21","CHNO",31,48,21,2,0,0,0,0,0,0,0,0,0,0,0,0,0,0,0,0,1,784.272777731138,785.28223306646,-2.77822107837339,2.78,785,784.403203459431,0.596796540569358,9,0.67741935483871,1.54838709677419,-12,60.3288428164846,54,0.9,64,0.8,0,0,0,0,0,0,0,0,0,"Ambiguous",19.5509944798991,0.00137287762401304
703.166479550643,6718.96877491051,7.35208333333333,"C24H34N2O22","N2O22","CHNO",24,34,22,2,0,0,0,0,0,0,0,0,0,0,0,0,0,0,0,0,1,702.159203098483,703.16759724216,-1.59179216336165,1.59,703,702.381317577779,0.618682422220672,9,0.916666666666667,1.41666666666667,-13,54.0123323684615,48,0.9,50,0.7,0,0,0,0,0,0,0,0,0,"Ambiguous",8.91060324215739,0.000625705655034233
715.20258279203,135971.23082694,9.58446666666667,"C38H34O14","O14","CHO",38,34,14,0,0,0,0,0,0,0,0,0,0,0,0,0,0,0,0,0,1,714.19530633987,715.20213224896,0.630840144268607,0.63,715,714.403981198761,0.596018801238642,22,0.368421052631579,0.894736842105263,8,54.9380658305231,52,0.9,78,0.4,0,0,0,0,0,0,0,0,0,"Ambiguous",180.32316131173,0.0126623550280623
715.20258279203,135971.23082694,9.58446666666667,"C26H38N2O21","N2O21","CHNO",26,38,21,2,0,0,0,0,0,0,0,0,0,0,0,0,0,0,0,0,1,714.19530633987,715.20398274746,-1.96018570487243,1.96,715,714.403981198761,0.596018801238642,9,0.807692307692308,1.46153846153846,-12,54.9382081765615,49,0.9,54,0.7,0,0,0,0,0,0,0,0,0,"Ambiguous",180.32316131173,0.0126623550280623
727.224207998449,8410.25094650668,4.72911666666667,"C36H38O16","O16","CHO",36,38,16,0,0,0,0,0,0,0,0,0,0,0,0,0,0,0,0,0,1,726.216931546289,727.22326162116,1.30316059519656,1.3,727,726.412182951078,0.587817048921579,18,0.444444444444444,1.05555555555556,2,55.8627680899231,52,0.9,74,0.5,0,0,0,0,0,0,0,0,0,"Ambiguous",11.1535582113637,0.000783206732130755
727.224207998449,8410.25094650668,4.72911666666667,"C30H39N4O15P","N4O15P","CHNOP",30,39,15,4,0,1,0,0,0,0,0,0,0,0,0,0,0,0,0,0,1,726.216931546289,727.22222955036,2.72432107098972,2.72,727,726.412182951078,0.587817048921579,14,0.5,1.3,-1,55.8626886998615,50,0.9,62,0.6,0,0,0,0,0,0,0,0,0,"Ambiguous",11.1535582113637,0.000783206732130755
829.507941432966,31579.3713309207,10.9148833333333,"C40H77O15P","O15P","CHOP",40,77,15,0,0,1,0,0,0,0,0,0,0,0,0,0,0,0,0,0,1,828.500664980806,829.50728473296,0.792636667576155,0.79,829,828.581705455082,0.418294544917558,3,0.375,1.925,-12,63.7307698677538,56,0.9,82,0.9,0,0,0,0,0,0,0,0,0,"Ambiguous",41.8801244645377,0.00294083688823903
885.552933457781,12330.0399877637,12.5362,"C54H76O10","O10","CHO",54,76,10,0,0,0,0,0,0,0,0,0,0,0,0,0,0,0,0,0,1,884.545657005621,885.55112509956,2.04439217638985,2.04,885,884.564117141119,0.435882858880518,17,0.185185185185185,1.40740740740741,7,68.0418345113385,64,0.9,110,0.7,0,0,0,0,0,0,0,0,0,"Ambiguous",16.3519280966387,0.00114823807128717
767.233090903486,18885.6410765464,13.4319333333333,"C42H38O14","O14","CHO",42,38,14,0,0,0,0,0,0,0,0,0,0,0,0,0,0,0,0,0,1,766.225814451326,767.23343237656,-0.445655924800149,0.45,767,766.376391580041,0.623608419958828,24,0.333333333333333,0.904761904761905,10,58.9404735326462,56,1,86,0.4,0,0,0,0,0,0,0,0,0,"Ambiguous",25.0458753782699,0.00175873006951119
767.233090903486,18885.6410765464,13.4319333333333,"C30H42N2O21","N2O21","CHNO",30,42,21,2,0,0,0,0,0,0,0,0,0,0,0,0,0,0,0,0,1,766.225814451326,767.23528287506,-2.86073835226079,2.86,767,766.376391580041,0.623608419958828,11,0.7,1.4,-10,58.9406158786846,53,0.9,62,0.7,0,0,0,0,0,0,0,0,0,"Ambiguous",25.0458753782699,0.00175873006951119
779.564996322088,31971.1297513441,13.49365,"C39H79N4O9P","N4O9P","CHNOP",39,79,9,4,0,1,0,0,0,0,0,0,0,0,0,0,0,0,0,0,1,778.557719869928,779.56574309256,-0.959171623598826,0.96,779,778.694527082884,0.305472917115821,3,0.230769230769231,2.02564102564103,-6,59.8891128184923,53,0.9,80,1,0,0,0,0,0,0,0,0,0,"Ambiguous",42.3996690506358,0.00297731948955451
779.564996322088,31971.1297513441,13.49365,"C45H78O10","O10","CHO",45,78,10,0,0,0,0,0,0,0,0,0,0,0,0,0,0,0,0,0,1,778.557719869928,779.56677516336,-2.28479048747893,2.28,779,778.694527082884,0.305472917115821,7,0.222222222222222,1.73333333333333,-3,59.8891922085538,55,0.9,92,0.8,0,0,0,0,0,0,0,0,0,"Ambiguous",42.3996690506358,0.00297731948955451
937.586079764421,17094.8823154465,12.6155666666667,"C45H85N4O14P","N4O14P","CHNOP",45,85,14,4,0,1,0,0,0,0,0,0,0,0,0,0,0,0,0,0,1,936.578803312261,937.58726639546,-1.26698472677506,1.27,937,936.539162771751,0.460837228249261,6,0.311111111111111,1.88888888888889,-8,72.0446146110231,64,0.9,92,0.9,0,0,0,0,0,0,0,0,0,"Ambiguous",22.6709959351382,0.00159196521002764
823.171337484506,8760.99525908731,6.41223333333333,"C33H35N4O19P","N4O19P","CHNOP",33,35,19,4,0,1,0,0,0,0,0,0,0,0,0,0,0,0,0,0,1,822.164061032346,823.17058791196,0.911706777041512,0.91,823,822.2521770152,0.747822984800109,19,0.575757575757576,1.06060606060606,0,63.2433316507538,57,0.9,68,0.5,0,0,0,0,0,0,0,0,0,"Ambiguous",11.618710456232,0.000815869884350229
809.448894560428,6636.88493026988,9.32876666666667,"C46H64O12","O12","CHO",46,64,12,0,0,0,0,0,0,0,0,0,0,0,0,0,0,0,0,0,1,808.441618108268,809.44705396136,2.27672478401118,2.28,809,808.545056693482,0.454943306518317,15,0.260869565217391,1.39130434782609,3,62.1876751930154,58,0.9,94,0.7,0,0,0,0,0,0,0,0,0,"Ambiguous",8.80174478534856,0.00061806157638181
809.448894560428,6636.88493026988,9.32876666666667,"C36H75O13P3","O13P3","CHOP",36,75,13,0,0,3,0,0,0,0,0,0,0,0,0,0,0,0,0,0,1,808.441618108268,809.44932840456,-0.536642500869527,0.54,809,808.545056693482,0.454943306518317,1,0.361111111111111,2.08333333333333,-12,62.1878501501846,52,0.8,74,1,0,0,0,0,0,0,0,0,0,"Ambiguous",8.80174478534856,0.00061806157638181
823.171337484506,8760.99525908731,6.41223333333333,"C39H34O20","O20","CHO",39,34,20,0,0,0,0,0,0,0,0,0,0,0,0,0,0,0,0,0,1,822.164061032346,823.17161998276,-0.343603262639789,0.34,823,822.2521770152,0.747822984800109,23,0.512820512820513,0.871794871794872,3,63.2434110408154,59,0.9,80,0.4,0,0,0,0,0,0,0,0,0,"Ambiguous",11.618710456232,0.000815869884350229
885.552933457781,12330.0399877637,12.5362,"C44H87O11P3","O11P3","CHOP",44,87,11,0,0,3,0,0,0,0,0,0,0,0,0,0,0,0,0,0,1,884.545657005621,885.55339954276,-0.526920205405464,0.53,885,884.564117141119,0.435882858880518,3,0.25,1.97727272727273,-8,68.0420094685077,58,0.9,90,1,0,0,0,0,0,0,0,0,0,"Ambiguous",16.3519280966387,0.00114823807128717
829.507941432966,31579.3713309207,10.9148833333333,"C47H72O12","O12","CHO",47,72,12,0,0,0,0,0,0,0,0,0,0,0,0,0,0,0,0,0,1,828.500664980806,829.50965421656,-2.0673291720802,2.07,829,828.581705455082,0.418294544917558,12,0.25531914893617,1.53191489361702,0,63.7309521357231,59,0.9,96,0.8,0,0,0,0,0,0,0,0,0,"Ambiguous",41.8801244645377,0.00294083688823903
935.711594543725,20806.0352989628,5.10206666666667,"C55H99O9P","O9P","CHOP",55,99,9,0,0,1,0,0,0,0,0,0,0,0,0,0,0,0,0,0,1,934.704318091565,935.70994770096,1.76188633516712,1.76,935,934.666770617999,0.33322938200115,7,0.163636363636364,1.8,-2,71.9002054806769,65,0.9,112,0.9,0,0,0,0,0,0,0,0,0,"Ambiguous",27.5926755730232,0.00193756726389554
937.586079764421,17094.8823154465,12.6155666666667,"C57H81N2O7P","N2O7P","CHNOP",57,81,7,2,0,1,0,0,0,0,0,0,0,0,0,0,0,0,0,0,1,936.578803312261,937.58541589696,0.708821786558405,0.71,937,936.539162771751,0.460837228249261,19,0.12280701754386,1.42105263157895,12,72.0444722649846,67,0.9,116,0.7,0,0,0,0,0,0,0,0,0,"Ambiguous",22.6709959351382,0.00159196521002764
935.711594543725,20806.0352989628,5.10206666666667,"C56H95N4O5P","N4O5P","CHNOP",56,95,5,4,0,1,0,0,0,0,0,0,0,0,0,0,0,0,0,0,1,934.704318091565,935.71128511376,0.331045828574634,0.33,935,934.666770617999,0.33322938200115,12,0.0892857142857143,1.69642857142857,7,71.9003083585846,66,0.9,114,0.8,0,0,0,0,0,0,0,0,0,"Ambiguous",27.5926755730232,0.00193756726389554
611.209190416865,92482.1185432721,5.24313333333333,"C27H34N2O14","N2O14","CHNO",27,34,14,2,0,0,0,0,0,0,0,0,0,0,0,0,0,0,0,0,1,610.201913964705,611.20828026376,1.49156055368913,1.49,611,610.526708774556,0.473291225444086,12,0.518518518518518,1.25925925925926,-2,46.9385387547385,43,0.9,56,0.6,612.213305884139,13060.6580135414,3.53976666666667,0,0,0,0,0,0,"Ambiguous",122.648503504058,0.0086124205217552
611.209190416865,92482.1185432721,5.24313333333333,"C25H39O15P","O15P","CHOP",25,39,15,0,0,1,0,0,0,0,0,0,0,0,0,0,0,0,0,0,1,610.201913964705,611.20993352076,-1.21780000747624,1.22,611,610.526708774556,0.473291225444086,7,0.6,1.56,-8,46.9386659283538,41,0.9,52,0.8,612.213305884139,13060.6580135414,3.53976666666667,0,0,0,0,0,0,"Ambiguous",122.648503504058,0.0086124205217552
553.35793512797,98270.5980482079,9.94858333333333,"C31H54O4P2","O4P2","CHOP",31,54,4,0,0,2,0,0,0,0,0,0,0,0,0,0,0,0,0,0,1,552.35065867581,553.35700964396,1.67553708071299,1.68,553,552.740050714136,0.259949285863854,6,0.129032258064516,1.74193548387097,2,42.4884410147539,37,0.9,64,0.8,554.361737302022,37858.6141449169,8.47708333333333,555.364688468457,6886.45912253567,12.8033166666667,0,0,0,"Ambiguous",130.325104776033,0.00915147412977503
553.35793512797,98270.5980482079,9.94858333333333,"C27H52O11","O11","CHO",27,52,11,0,0,0,0,0,0,0,0,0,0,0,0,0,0,0,0,0,1,552.35065867581,553.35823895626,-0.550064139383328,0.55,553,552.740050714136,0.259949285863854,2,0.407407407407407,1.92592592592593,-9,42.4885355772385,38,0.9,56,0.9,554.361737302022,37858.6141449169,8.47708333333333,555.364688468457,6886.45912253567,12.8033166666667,0,0,0,"Ambiguous",130.325104776033,0.00915147412977503
